10_regiao_1,10_regiao_10,10_regiao_11,10_regiao_12,10_regiao_13,10_regiao_2,10_regiao_3,10_regiao_4,10_regiao_5,10_regiao_6,10_regiao_7,10_regiao_8,10_regiao_9
,,,,,,,,,,,,
,,,,215.0,,,,,244.0,,,
,212.0,236.0,,214.66666666666669,,,221.0,,244.0,,,
,212.0,236.0,197.0,214.33333333333331,,251.0,221.0,268.0,244.33333333333334,262.0,246.0,282.0
207.0,212.0,236.0,197.0,214.0,220.0,251.5,221.0,268.33333333333337,244.66666666666666,262.33333333333337,246.0,282.0
206.5,212.0,236.0,197.0,213.66666666666669,220.0,252.0,220.66666666666669,268.66666666666663,245.0,262.66666666666663,246.0,282.0
206.0,212.0,236.0,197.0,213.33333333333331,220.33333333333334,252.5,220.33333333333331,269.0,245.33333333333334,263.0,246.0,282.0
205.66666666666669,212.0,236.33333333333334,197.33333333333331,213.0,220.66666666666666,253.0,220.0,269.0,245.66666666666666,263.33333333333337,246.0,282.0
205.33333333333331,212.0,236.66666666666666,197.66666666666669,212.5,221.0,253.5,219.66666666666669,269.0,246.0,263.66666666666663,246.0,282.33333333333337
205.0,212.0,237.0,198.0,212.0,221.33333333333334,254.0,219.33333333333331,269.0,246.5,264.0,246.0,282.66666666666663
204.66666666666669,212.33333333333331,237.66666666666666,198.33333333333331,211.5,221.66666666666666,254.5,219.0,269.0,247.0,264.0,246.33333333333334,283.0
204.33333333333331,212.66666666666669,238.33333333333334,198.66666666666669,211.0,222.0,255.0,218.5,269.0,247.5,264.0,246.66666666666666,283.5
204.0,213.0,239.0,199.0,211.33333333333331,222.0,255.33333333333334,218.0,269.0,248.0,264.0,247.0,284.0
204.0,213.33333333333331,238.5,199.0,211.66666666666669,222.0,255.66666666666666,217.5,269.0,247.66666666666666,264.0,247.0,284.5
204.33333333333331,213.66666666666669,238.0,199.0,212.0,222.0,256.0,217.0,269.0,247.33333333333334,264.0,247.0,285.0
204.66666666666669,214.0,237.66666666666666,199.0,221.66666666666666,222.0,255.0,217.66666666666669,269.0,247.0,264.0,247.0,284.66666666666663
205.0,213.5,237.33333333333334,199.0,231.33333333333334,222.0,254.0,218.33333333333331,269.0,246.66666666666666,264.0,247.0,284.33333333333337
206.0,213.0,237.0,199.0,241.0,222.0,253.33333333333334,219.0,268.66666666666663,246.33333333333334,264.0,247.0,284.0
207.0,212.5,237.0,199.0,256.0,222.0,252.66666666666666,220.0,268.33333333333337,246.0,263.66666666666663,247.0,283.66666666666663
207.0,212.0,237.0,198.66666666666669,256.66666666666663,222.0,252.0,220.33333333333331,268.0,246.0,263.33333333333337,247.0,283.33333333333337
207.0,212.33333333333331,237.0,198.33333333333331,257.33333333333337,222.0,252.33333333333334,220.66666666666669,268.0,246.0,263.0,247.0,283.0
207.0,212.66666666666669,237.0,198.0,258.0,222.0,252.66666666666666,221.0,268.0,246.0,262.66666666666663,247.0,283.0
206.66666666666669,213.0,237.0,198.33333333333331,242.33333333333334,222.0,253.0,220.66666666666669,268.0,246.33333333333334,262.33333333333337,247.0,283.0
206.33333333333331,213.5,237.33333333333334,198.66666666666669,226.66666666666666,222.0,253.33333333333334,220.33333333333331,268.0,246.66666666666666,262.0,247.0,283.0
206.0,214.0,237.66666666666666,199.0,211.0,222.0,253.66666666666666,220.0,268.33333333333337,247.0,262.0,247.0,283.0
205.5,214.0,238.0,199.0,209.33333333333331,222.0,254.0,219.66666666666669,268.66666666666663,247.0,262.0,247.0,283.0
205.0,214.0,237.5,199.0,207.66666666666669,222.0,254.33333333333334,219.33333333333331,269.0,247.0,262.0,246.66666666666666,283.0
204.66666666666669,214.0,237.0,198.66666666666669,206.0,222.0,254.66666666666666,219.0,269.33333333333337,247.0,262.0,246.33333333333334,283.0
204.33333333333331,213.66666666666669,236.66666666666666,198.33333333333331,210.0,222.0,255.0,218.66666666666669,269.66666666666663,247.0,262.0,246.0,282.66666666666663
204.0,213.33333333333331,236.33333333333334,198.0,211.33333333333331,221.66666666666666,255.0,218.33333333333331,270.0,247.0,262.33333333333337,246.0,282.33333333333337
204.33333333333331,213.0,236.0,198.0,212.66666666666669,221.33333333333334,255.0,218.0,269.5,246.66666666666666,262.66666666666663,246.0,282.0
204.66666666666669,212.66666666666669,235.66666666666666,198.0,214.0,221.0,255.0,218.33333333333331,269.0,246.33333333333334,263.0,246.0,281.66666666666663
205.0,212.33333333333331,235.33333333333334,198.0,214.0,221.33333333333334,254.0,218.66666666666669,268.66666666666663,246.0,263.0,246.0,281.33333333333337
205.66666666666669,212.0,235.0,198.0,214.0,221.66666666666666,253.66666666666666,219.0,268.33333333333337,246.0,263.0,246.0,281.0
206.33333333333331,212.0,235.33333333333334,198.0,214.0,222.0,253.33333333333334,219.66666666666669,268.0,246.0,263.0,246.0,281.0
207.0,212.0,235.66666666666666,198.0,214.0,222.0,253.0,220.33333333333331,268.0,246.0,263.0,246.0,281.0
206.66666666666669,212.0,236.0,198.0,213.66666666666669,222.0,253.33333333333334,221.0,268.0,246.0,263.0,246.0,281.0
206.33333333333331,212.0,236.0,198.0,213.33333333333331,222.0,253.66666666666666,220.5,268.0,246.0,263.0,246.0,281.0
206.0,212.33333333333331,236.0,198.0,213.0,222.0,254.0,220.0,268.33333333333337,246.33333333333334,263.0,246.0,281.0
205.0,212.66666666666669,236.0,198.0,213.66666666666669,222.0,254.0,219.33333333333331,268.66666666666663,246.66666666666666,263.0,246.0,281.0
204.0,213.0,235.66666666666666,197.66666666666669,214.33333333333331,221.66666666666666,254.0,218.66666666666669,269.0,247.0,263.0,245.66666666666666,281.0
204.0,212.66666666666669,235.33333333333334,197.33333333333331,215.0,221.33333333333334,254.0,218.0,269.33333333333337,246.33333333333334,263.0,245.33333333333334,281.0
204.0,212.33333333333331,235.0,197.0,215.33333333333331,221.0,254.0,218.0,269.66666666666663,245.66666666666666,263.0,245.0,280.66666666666663
204.0,212.0,234.66666666666666,196.33333333333331,215.66666666666669,220.66666666666666,254.0,218.0,270.0,245.0,263.0,245.0,280.33333333333337
205.0,211.66666666666669,234.33333333333334,195.66666666666669,216.0,220.33333333333334,252.0,218.0,269.66666666666663,244.66666666666666,262.66666666666663,245.0,280.0
205.33333333333331,211.33333333333331,234.0,195.0,215.66666666666669,220.0,251.66666666666666,220.0,269.33333333333337,244.33333333333334,262.33333333333337,245.0,280.0
205.66666666666669,211.0,234.33333333333334,195.66666666666669,215.33333333333331,219.5,251.33333333333334,220.0,269.0,244.0,262.0,245.0,280.0
206.0,211.5,234.66666666666666,196.33333333333331,215.0,219.0,251.0,220.0,269.0,245.0,262.0,245.0,280.0
205.33333333333331,212.0,235.0,197.0,215.0,219.66666666666669,252.66666666666666,220.0,269.0,246.0,262.0,245.0,281.0
204.66666666666669,212.33333333333331,235.5,197.66666666666669,215.0,220.33333333333334,254.33333333333334,219.0,269.0,247.0,262.0,245.0,281.33333333333337
204.0,212.66666666666669,236.0,198.33333333333331,215.0,221.0,256.0,218.33333333333331,269.0,248.0,262.0,245.0,281.66666666666663
204.5,213.0,236.33333333333334,199.0,215.0,221.66666666666666,256.33333333333337,217.66666666666669,268.5,249.0,262.0,244.66666666666666,282.0
205.0,213.33333333333331,236.66666666666666,199.0,215.0,222.33333333333334,256.66666666666663,217.0,268.0,249.0,262.0,244.33333333333334,282.33333333333337
205.66666666666669,213.66666666666669,237.0,199.0,215.0,223.0,257.0,217.33333333333331,267.5,249.0,261.66666666666663,244.0,282.66666666666663
206.33333333333331,214.0,237.0,199.0,215.0,224.0,256.66666666666663,217.66666666666669,267.0,249.0,261.33333333333337,244.0,283.0
207.0,214.33333333333331,237.0,199.0,215.0,224.33333333333334,256.33333333333337,218.0,266.33333333333337,249.0,261.0,244.0,282.66666666666663
207.33333333333331,214.66666666666669,237.33333333333334,199.33333333333331,215.0,224.66666666666666,256.0,218.33333333333331,265.66666666666663,249.66666666666666,260.5,244.0,282.33333333333337
207.66666666666669,215.0,237.66666666666666,199.66666666666669,215.33333333333331,225.0,256.0,218.66666666666669,265.0,250.33333333333334,260.0,243.66666666666666,282.0
208.0,215.66666666666669,238.0,200.0,215.66666666666669,226.0,256.0,219.0,264.33333333333337,251.0,259.33333333333337,243.33333333333334,282.33333333333337
208.0,216.33333333333331,239.0,201.0,216.0,227.0,256.0,219.0,263.66666666666663,253.0,258.66666666666663,243.0,282.66666666666663
208.0,217.0,240.0,202.0,216.66666666666669,228.0,258.0,219.0,263.0,254.33333333333334,258.0,242.33333333333334,283.0
208.0,217.33333333333331,240.0,202.0,217.33333333333331,230.0,260.0,219.0,262.5,255.66666666666666,257.0,241.66666666666666,282.66666666666663
208.0,217.66666666666669,240.0,202.0,218.0,231.0,261.0,217.0,262.0,257.0,256.0,241.0,282.33333333333337
208.33333333333331,218.0,240.0,202.0,218.0,232.0,262.0,216.66666666666669,261.5,256.33333333333337,255.33333333333334,240.33333333333334,282.0
208.66666666666669,217.33333333333331,239.0,201.66666666666669,218.0,233.0,263.0,216.33333333333331,261.0,255.66666666666666,254.66666666666666,239.66666666666666,280.66666666666663
209.0,216.66666666666669,238.0,201.33333333333331,218.0,233.0,261.66666666666663,216.0,260.5,255.0,254.0,239.0,279.33333333333337
210.0,216.0,237.0,201.0,218.0,233.0,260.33333333333337,217.5,260.0,254.0,254.66666666666666,239.5,278.0
211.0,215.66666666666669,236.66666666666666,201.33333333333331,218.33333333333331,233.0,259.0,219.0,260.66666666666663,252.66666666666666,255.33333333333334,240.0,277.66666666666663
212.0,215.33333333333331,236.33333333333334,201.66666666666669,218.66666666666669,232.0,258.0,219.66666666666669,261.33333333333337,251.33333333333334,256.0,240.66666666666666,277.33333333333337
210.33333333333331,215.0,236.0,202.0,219.0,231.0,257.0,220.33333333333331,262.0,250.0,257.33333333333337,241.33333333333334,277.0
208.66666666666669,215.33333333333331,236.0,202.0,219.66666666666666,230.0,256.0,221.0,263.5,248.66666666666666,258.66666666666663,242.0,277.33333333333337
207.0,215.66666666666669,236.0,201.0,220.33333333333334,227.5,255.0,220.33333333333331,265.0,247.33333333333334,260.0,242.66666666666666,277.66666666666663
206.66666666666669,216.0,236.0,200.0,221.0,225.0,254.0,219.66666666666669,266.33333333333337,246.0,261.0,243.33333333333334,278.0
206.33333333333331,215.33333333333331,236.0,199.0,222.0,223.33333333333334,253.0,219.0,267.66666666666663,244.66666666666666,262.0,244.0,278.33333333333337
206.0,214.66666666666669,236.0,198.0,223.0,221.66666666666666,251.0,219.5,269.0,243.33333333333334,263.0,244.5,278.66666666666663
206.0,214.0,235.0,197.0,224.0,220.0,250.66666666666666,220.0,269.66666666666663,242.0,264.0,245.0,279.0
206.0,213.0,234.33333333333334,196.0,225.0,219.33333333333331,250.33333333333334,220.33333333333331,270.33333333333337,242.66666666666666,264.5,244.66666666666666,278.66666666666663
204.66666666666669,212.0,233.66666666666666,195.0,226.0,218.66666666666669,250.0,220.66666666666669,271.0,243.33333333333334,265.0,244.33333333333334,278.33333333333337
203.33333333333331,211.33333333333331,233.0,195.33333333333331,227.0,218.0,251.0,221.0,271.66666666666663,244.0,265.33333333333337,244.0,278.0
202.0,210.66666666666669,233.33333333333334,195.66666666666669,228.0,218.0,252.0,219.66666666666669,272.33333333333337,244.0,265.66666666666663,244.33333333333334,278.33333333333337
201.33333333333331,210.0,233.66666666666666,196.0,229.0,218.0,253.0,218.33333333333331,273.0,244.0,266.0,244.66666666666666,278.66666666666663
200.66666666666669,210.33333333333331,234.0,196.0,230.0,217.33333333333331,254.0,217.0,273.33333333333337,244.0,266.33333333333337,245.0,279.0
200.0,210.66666666666669,233.66666666666666,196.0,231.0,216.66666666666669,253.0,217.33333333333331,273.66666666666663,243.0,266.66666666666663,245.33333333333334,279.33333333333337
200.5,211.0,233.33333333333334,196.0,232.0,216.0,252.0,217.66666666666669,274.0,242.33333333333334,267.0,245.66666666666666,279.66666666666663
201.0,211.0,233.0,196.0,233.0,215.33333333333331,251.33333333333334,218.0,274.0,241.66666666666666,267.0,246.0,280.0
201.33333333333331,210.66666666666669,233.33333333333334,196.0,233.66666666666666,214.66666666666669,250.66666666666666,218.66666666666669,274.0,241.0,267.0,246.0,280.5
201.66666666666669,210.33333333333331,233.66666666666666,196.0,234.33333333333334,214.0,250.0,219.33333333333331,274.0,241.0,267.0,246.0,281.0
202.0,210.0,234.0,196.0,235.0,214.33333333333331,250.33333333333334,220.0,273.5,241.0,266.0,246.0,280.5
202.0,209.66666666666669,233.33333333333334,196.0,235.66666666666666,214.66666666666669,250.66666666666666,220.0,273.0,241.0,266.66666666666663,245.66666666666666,280.0
201.0,209.33333333333331,232.66666666666666,196.0,236.33333333333334,215.0,251.0,220.0,274.0,241.0,267.33333333333337,245.33333333333334,280.0
200.0,209.0,232.0,193.5,237.0,214.33333333333331,252.0,219.0,275.0,241.66666666666666,268.0,245.0,280.0
199.0,206.33333333333331,231.0,191.0,237.0,213.66666666666669,253.0,218.0,276.0,242.33333333333334,272.0,245.5,280.0
193.5,203.66666666666669,230.0,187.5,237.0,213.0,254.0,217.0,279.5,243.0,276.0,246.0,286.66666666666663
188.0,201.0,234.33333333333334,184.0,237.0,211.33333333333331,258.0,212.5,283.0,242.66666666666666,280.0,248.66666666666666,293.33333333333337
189.33333333333331,202.0,238.66666666666666,187.0,236.0,209.66666666666669,257.66666666666663,208.0,282.33333333333337,242.33333333333334,279.66666666666663,251.33333333333334,300.0
190.66666666666669,203.0,243.0,190.0,235.0,208.0,257.33333333333337,208.66666666666669,281.66666666666663,242.0,279.33333333333337,254.0,310.5
192.0,204.0,260.0,193.0,234.0,210.66666666666669,257.0,209.33333333333331,281.0,240.0,279.0,264.66666666666663,321.0
211.33333333333331,220.33333333333334,277.0,213.66666666666669,233.0,213.33333333333331,246.0,210.0,267.0,240.66666666666666,266.33333333333337,275.33333333333337,320.66666666666663
230.66666666666666,236.66666666666666,294.0,234.33333333333334,232.0,216.0,235.0,225.0,253.0,241.33333333333334,253.66666666666666,286.0,320.33333333333337
250.0,253.0,313.0,255.0,231.0,227.33333333333334,224.0,240.0,239.0,242.0,241.0,284.33333333333337,320.0
271.0,277.0,306.66666666666663,276.0,230.0,238.66666666666666,224.0,255.0,222.0,248.0,228.0,282.66666666666663,295.33333333333337
271.33333333333337,281.0,300.33333333333337,273.0,229.0,250.0,224.0,270.0,219.66666666666669,249.0,215.0,281.0,270.66666666666663
271.66666666666663,285.0,294.0,270.0,228.0,262.0,224.0,268.0,217.33333333333331,250.0,216.33333333333331,255.66666666666666,246.0
272.0,289.0,254.66666666666666,267.0,227.0,258.66666666666663,229.0,266.0,215.0,251.0,217.66666666666669,230.33333333333334,213.5
254.5,263.0,215.33333333333331,243.0,226.0,255.33333333333334,230.33333333333334,264.0,228.0,243.33333333333334,219.0,205.0,181.0
237.0,235.33333333333334,176.0,226.0,225.0,252.0,231.66666666666666,254.0,242.33333333333334,235.66666666666666,228.0,200.33333333333331,178.0
227.66666666666666,207.66666666666669,170.0,209.0,224.0,237.33333333333334,233.0,244.0,256.66666666666663,228.0,236.33333333333334,195.66666666666669,175.0
218.33333333333331,180.0,164.0,192.0,223.0,222.66666666666666,233.0,240.33333333333334,271.0,228.33333333333334,244.66666666666666,191.0,172.0
209.0,179.33333333333331,158.0,191.0,222.33333333333334,208.0,233.0,236.66666666666666,273.0,228.66666666666666,253.0,202.5,194.0
207.66666666666669,178.66666666666669,175.0,190.0,221.66666666666666,206.66666666666669,233.0,233.0,275.0,229.0,256.33333333333337,214.0,216.0
206.33333333333331,178.0,190.66666666666669,189.0,221.0,205.33333333333331,237.0,230.0,277.0,233.33333333333334,259.66666666666663,222.0,233.66666666666666
205.0,186.0,206.33333333333331,191.0,220.66666666666666,204.0,241.66666666666666,227.0,275.66666666666663,237.66666666666666,263.0,230.0,251.33333333333334
203.5,193.0,222.0,193.0,220.33333333333334,208.5,246.33333333333334,224.0,274.33333333333337,242.0,264.33333333333337,238.0,269.0
202.0,200.0,225.66666666666666,195.0,220.0,213.0,251.0,221.66666666666669,273.0,242.66666666666666,265.66666666666663,240.66666666666666,273.33333333333337
200.5,207.0,229.33333333333334,195.0,219.33333333333334,214.0,252.0,219.33333333333331,273.5,243.33333333333334,267.0,243.33333333333334,277.66666666666663
199.0,208.0,233.0,195.0,218.66666666666669,215.0,253.0,217.0,274.0,244.0,267.33333333333337,246.0,282.0
199.33333333333331,209.0,233.33333333333334,195.0,218.0,216.0,254.0,216.66666666666669,274.33333333333337,243.0,267.66666666666663,246.33333333333334,282.33333333333337
199.66666666666669,210.0,233.66666666666666,194.66666666666669,217.66666666666669,215.33333333333331,253.0,216.33333333333331,274.66666666666663,242.0,268.0,246.66666666666666,282.66666666666663
200.0,209.66666666666669,234.0,194.33333333333331,217.33333333333331,214.66666666666669,252.0,216.0,275.0,241.66666666666666,268.0,247.0,283.0
201.0,209.33333333333331,234.0,194.0,217.0,214.0,251.33333333333334,217.5,275.0,241.33333333333334,268.0,247.0,283.33333333333337
202.0,209.0,234.0,194.33333333333331,217.33333333333331,214.0,250.66666666666666,219.0,274.66666666666663,241.0,268.33333333333337,247.0,283.66666666666663
202.0,209.33333333333331,234.33333333333334,194.66666666666669,217.66666666666669,214.0,250.0,219.0,274.33333333333337,242.0,268.66666666666663,247.33333333333334,284.0
202.0,209.66666666666669,234.66666666666666,195.0,218.0,214.0,251.0,219.0,274.0,243.0,269.0,247.66666666666666,284.0
202.0,210.0,235.0,195.33333333333331,218.0,215.0,252.0,219.0,274.0,243.0,269.5,248.0,284.0
201.0,210.5,235.5,195.66666666666669,218.0,215.33333333333331,253.0,218.33333333333331,274.0,243.0,270.0,248.0,284.0
200.0,211.0,236.0,196.0,218.0,215.66666666666669,252.66666666666666,217.66666666666669,274.0,243.0,269.5,248.0,284.0
201.0,211.5,236.33333333333334,195.66666666666669,218.0,216.0,252.33333333333334,217.0,273.66666666666663,242.0,269.0,248.0,284.0
202.0,212.0,236.66666666666666,195.33333333333331,218.0,215.33333333333331,252.0,218.0,273.33333333333337,241.0,268.5,248.0,284.0
203.0,211.66666666666669,237.0,195.0,218.0,214.66666666666669,251.0,219.0,273.0,241.0,268.0,248.0,284.33333333333337
204.0,211.33333333333331,237.0,194.5,218.33333333333331,214.0,250.0,220.0,272.66666666666663,241.0,268.0,248.33333333333334,284.66666666666663
203.33333333333331,211.0,237.0,194.0,218.66666666666669,214.5,249.0,220.0,272.33333333333337,241.0,268.0,248.66666666666666,285.0
202.66666666666669,211.0,237.0,194.5,219.0,215.0,250.33333333333334,220.0,272.0,242.0,268.0,249.0,285.5
202.0,211.0,237.66666666666666,195.0,219.0,215.66666666666669,251.66666666666666,220.0,272.33333333333337,243.0,268.33333333333337,249.33333333333334,286.0
201.33333333333331,211.0,238.33333333333334,196.0,219.0,216.33333333333331,253.0,218.5,272.66666666666663,244.0,268.66666666666663,249.66666666666666,286.33333333333337
200.66666666666669,212.0,239.0,197.0,219.0,217.0,253.66666666666666,217.0,273.0,244.5,269.0,250.0,286.66666666666663
200.0,213.0,239.33333333333334,198.0,218.66666666666669,217.5,254.33333333333334,217.0,272.66666666666663,245.0,268.5,249.66666666666666,287.0
201.0,213.0,239.66666666666666,197.66666666666669,218.33333333333331,218.0,255.0,217.0,272.33333333333337,244.5,268.0,249.33333333333334,287.0
202.0,213.0,240.0,197.33333333333331,218.0,218.0,254.0,217.0,272.0,244.0,267.66666666666663,249.0,287.0
203.0,213.0,240.0,197.0,218.33333333333331,218.0,253.0,217.66666666666669,271.5,244.0,267.33333333333337,249.0,287.0
204.0,213.0,240.0,197.0,218.66666666666669,218.0,252.33333333333334,218.33333333333331,271.0,244.0,267.0,249.0,287.0
205.0,213.0,240.0,197.0,219.0,218.33333333333331,251.66666666666666,219.0,270.33333333333337,244.0,267.33333333333337,249.0,287.0
205.0,213.33333333333331,240.33333333333334,197.0,219.33333333333334,218.66666666666669,251.0,220.0,269.66666666666663,244.0,267.66666666666663,249.5,287.0
205.0,213.66666666666669,240.66666666666666,197.66666666666669,219.66666666666666,219.0,251.0,220.0,269.0,244.33333333333334,268.0,250.0,287.0
205.0,214.0,241.0,198.33333333333331,220.0,219.33333333333331,252.0,220.0,269.5,244.66666666666666,268.0,250.5,287.66666666666663
204.0,214.33333333333331,241.66666666666666,199.0,220.0,219.66666666666669,253.0,220.0,270.0,245.0,268.0,251.0,288.33333333333337
203.0,214.66666666666669,242.33333333333334,199.5,220.0,220.0,254.0,219.0,270.0,245.33333333333334,268.0,251.66666666666666,289.0
203.66666666666669,215.0,243.0,200.0,220.0,220.33333333333334,254.0,218.0,270.0,245.66666666666666,267.66666666666663,252.33333333333334,289.66666666666663
204.33333333333331,216.0,244.0,200.5,220.0,220.66666666666666,254.0,218.0,270.0,246.0,267.33333333333337,253.0,290.33333333333337
205.0,217.0,245.0,201.0,220.0,221.0,254.0,218.0,269.33333333333337,245.66666666666666,267.0,253.5,291.0
206.0,218.0,246.0,201.5,220.0,221.33333333333334,253.0,218.0,268.66666666666663,245.33333333333334,266.66666666666663,254.0,291.5
206.66666666666669,218.33333333333331,247.0,202.0,220.0,221.66666666666666,252.33333333333334,219.0,268.0,245.0,266.33333333333337,254.5,292.0
207.33333333333331,218.66666666666669,247.66666666666666,203.0,220.0,222.0,251.66666666666666,220.0,267.33333333333337,245.33333333333334,266.0,255.0,292.66666666666663
208.0,219.0,248.33333333333334,204.0,220.0,222.0,251.0,221.0,266.66666666666663,245.66666666666666,265.66666666666663,255.5,293.33333333333337
208.66666666666669,220.0,249.0,205.0,220.0,222.0,251.5,221.33333333333331,266.0,246.0,265.33333333333337,256.0,294.0
209.33333333333331,221.0,250.33333333333334,206.0,220.0,223.0,252.0,221.66666666666669,265.0,247.0,265.0,257.0,294.66666666666663
210.0,222.66666666666666,251.66666666666666,207.33333333333331,220.0,224.0,252.66666666666666,222.0,264.0,248.0,265.0,258.0,295.33333333333337
210.5,224.33333333333334,253.0,208.66666666666669,220.0,225.0,253.33333333333334,222.0,263.66666666666663,248.33333333333334,265.0,259.0,296.0
211.0,226.0,254.5,210.0,219.66666666666666,226.0,254.0,222.0,263.33333333333337,248.66666666666666,265.0,260.5,296.66666666666663
211.66666666666669,228.0,256.0,211.66666666666669,219.33333333333334,226.33333333333334,253.33333333333334,222.0,263.0,249.0,265.0,262.0,297.33333333333337
212.33333333333331,229.66666666666666,257.66666666666663,213.33333333333331,219.0,226.66666666666666,252.66666666666666,222.66666666666666,262.0,248.66666666666666,264.0,262.66666666666663,298.0
213.0,231.33333333333334,259.33333333333337,215.0,218.66666666666669,227.0,252.0,223.33333333333334,261.0,248.33333333333334,263.0,263.33333333333337,299.0
215.0,233.0,261.0,216.33333333333331,218.33333333333331,227.66666666666666,251.0,224.0,260.0,248.0,262.0,264.0,299.66666666666663
217.0,234.33333333333334,262.33333333333337,217.66666666666669,218.0,228.33333333333334,251.0,225.0,258.66666666666663,249.33333333333334,261.0,264.66666666666663,300.33333333333337
217.66666666666669,235.66666666666666,263.66666666666663,219.0,218.33333333333331,229.0,251.0,226.0,257.33333333333337,250.66666666666666,260.0,265.33333333333337,301.0
218.33333333333331,237.0,265.0,221.0,218.66666666666669,230.5,251.0,227.0,256.0,252.0,259.33333333333337,266.0,301.33333333333337
219.0,238.5,266.33333333333337,222.66666666666666,219.0,232.0,251.33333333333334,228.0,255.0,252.0,258.66666666666663,266.66666666666663,301.66666666666663
220.0,240.0,267.66666666666663,224.33333333333334,218.66666666666669,233.5,251.66666666666666,227.0,254.0,252.0,258.0,267.33333333333337,302.0
221.0,241.5,269.0,226.0,218.33333333333331,235.0,252.0,227.66666666666666,253.0,252.0,257.33333333333337,268.0,301.33333333333337
222.0,243.0,269.0,226.66666666666666,218.0,235.66666666666666,251.0,228.33333333333334,252.0,252.0,256.66666666666663,267.66666666666663,300.66666666666663
225.0,243.33333333333334,269.0,227.33333333333334,218.0,236.33333333333334,250.33333333333334,229.0,251.0,252.0,256.0,267.33333333333337,300.0
225.66666666666666,243.66666666666666,269.0,228.0,218.0,237.0,249.66666666666666,231.0,250.33333333333334,252.66666666666666,255.33333333333334,267.0,299.66666666666663
226.33333333333334,244.0,269.0,228.33333333333334,218.33333333333331,237.66666666666666,249.0,231.33333333333334,249.66666666666666,253.33333333333334,254.66666666666666,266.5,299.33333333333337
227.0,244.33333333333334,269.33333333333337,228.66666666666666,218.66666666666669,238.33333333333334,250.0,231.66666666666666,249.0,254.0,254.0,266.0,299.0
226.0,244.66666666666666,269.66666666666663,229.0,219.0,239.0,251.0,232.0,249.5,254.0,254.33333333333334,265.33333333333337,298.66666666666663
225.33333333333334,245.0,270.0,228.33333333333334,218.66666666666669,239.5,252.0,231.0,250.0,254.0,254.66666666666666,264.66666666666663,298.33333333333337
224.66666666666666,244.66666666666666,269.0,227.66666666666666,218.33333333333331,240.0,253.0,230.0,250.5,254.0,255.0,264.0,298.0
224.0,244.33333333333334,268.0,227.0,218.0,239.33333333333334,252.33333333333334,229.0,251.0,253.33333333333334,255.33333333333334,262.66666666666663,297.0
223.33333333333334,244.0,267.0,225.5,218.66666666666669,238.66666666666666,251.66666666666666,229.0,252.0,252.66666666666666,255.66666666666666,261.33333333333337,296.0
222.66666666666666,242.0,265.0,224.0,219.33333333333334,238.0,251.0,229.0,253.0,252.0,256.0,260.0,295.0
222.0,240.0,263.0,222.0,220.0,237.0,252.0,229.0,254.0,252.33333333333334,256.5,258.66666666666663,294.0
219.33333333333331,238.0,261.0,220.0,220.66666666666666,236.0,253.0,229.0,255.5,252.66666666666666,257.0,257.33333333333337,293.0
216.66666666666669,236.0,259.0,218.0,221.33333333333334,235.0,254.0,227.0,257.0,253.0,257.5,256.0,292.0
214.0,234.0,257.0,216.0,222.0,233.66666666666666,255.0,225.0,258.33333333333337,252.0,258.0,254.66666666666666,291.0
213.33333333333331,232.5,255.0,214.0,223.33333333333334,232.33333333333334,256.0,224.0,259.66666666666663,251.0,258.66666666666663,253.33333333333334,290.0
212.66666666666669,231.0,253.0,212.0,224.66666666666666,231.0,255.0,223.0,261.0,250.0,259.33333333333337,252.0,289.0
212.0,229.33333333333334,251.0,210.0,226.0,229.66666666666666,254.0,222.0,262.0,249.0,260.0,251.0,288.33333333333337
211.33333333333331,227.66666666666666,249.33333333333334,208.33333333333331,227.0,228.33333333333334,253.0,222.0,262.66666666666663,248.0,260.33333333333337,250.0,287.66666666666663
210.66666666666669,226.0,247.66666666666666,206.66666666666669,228.0,227.0,253.0,222.0,263.33333333333337,247.0,260.66666666666663,249.0,287.0
210.0,224.0,246.0,205.0,229.0,226.0,253.0,222.0,264.0,247.0,261.0,248.0,286.33333333333337
209.33333333333331,222.0,244.5,203.66666666666669,230.0,225.0,253.0,221.66666666666669,264.5,247.0,261.33333333333337,247.66666666666666,285.66666666666663
208.66666666666669,220.0,243.0,202.33333333333331,231.0,224.0,253.0,221.33333333333331,265.0,247.0,261.66666666666663,247.33333333333334,285.0
208.0,218.66666666666669,242.0,201.0,232.0,223.5,253.0,221.0,265.33333333333337,246.66666666666666,262.0,247.0,284.33333333333337
207.66666666666669,217.33333333333331,241.0,200.0,232.0,223.0,253.0,221.0,265.66666666666663,246.33333333333334,262.33333333333337,247.0,283.66666666666663
207.33333333333331,216.0,240.0,199.0,232.0,222.66666666666666,253.0,221.0,266.0,246.0,262.66666666666663,247.0,283.0
207.0,215.0,239.66666666666666,198.66666666666669,232.0,222.33333333333334,253.0,221.0,266.66666666666663,245.66666666666666,263.0,247.0,283.0
206.33333333333331,214.66666666666669,239.33333333333334,198.33333333333331,231.0,222.0,253.0,220.66666666666669,267.33333333333337,245.33333333333334,263.33333333333337,247.0,283.0
205.66666666666669,214.33333333333331,239.0,198.0,230.0,221.66666666666666,253.0,220.33333333333331,268.0,245.0,263.66666666666663,246.66666666666666,283.0
205.0,214.0,239.0,198.33333333333331,229.0,221.33333333333334,253.0,220.0,268.66666666666663,245.0,264.0,246.33333333333334,283.0
204.66666666666669,214.0,239.0,198.66666666666669,228.0,221.0,253.0,219.66666666666669,269.33333333333337,245.0,264.0,246.0,283.0
204.33333333333331,214.0,239.0,199.0,227.0,220.66666666666666,253.0,219.33333333333331,270.0,245.0,263.66666666666663,246.0,283.0
204.0,214.0,238.66666666666666,199.0,226.0,220.33333333333334,252.66666666666666,219.0,269.66666666666663,244.66666666666666,263.33333333333337,246.0,283.0
204.66666666666669,213.5,238.33333333333334,199.0,224.66666666666666,220.0,252.33333333333334,219.33333333333331,269.33333333333337,244.33333333333334,263.0,246.0,283.0
205.33333333333331,213.0,238.0,199.0,223.33333333333334,220.33333333333334,252.0,219.66666666666669,269.0,244.0,262.5,246.0,282.66666666666663
206.0,212.66666666666669,237.66666666666666,198.66666666666669,222.0,220.66666666666666,251.0,220.0,268.66666666666663,244.0,262.0,246.0,282.33333333333337
206.33333333333331,212.33333333333331,237.33333333333334,198.33333333333331,220.0,221.0,251.0,221.0,268.33333333333337,244.0,262.5,246.0,282.0
206.66666666666669,212.0,237.0,198.0,218.0,220.66666666666666,251.0,221.0,268.0,244.0,263.0,246.0,282.0
207.0,212.33333333333331,237.0,198.0,217.0,220.33333333333334,251.0,221.0,268.66666666666663,244.33333333333334,263.5,246.0,282.33333333333337
205.66666666666669,212.66666666666669,237.0,198.0,216.0,220.0,252.0,221.0,269.33333333333337,244.66666666666666,264.0,246.0,282.66666666666663
204.33333333333331,213.0,237.0,198.0,215.0,219.66666666666669,252.33333333333334,220.0,270.0,245.0,264.33333333333337,246.0,283.0
203.0,213.33333333333331,237.33333333333334,198.0,215.0,219.33333333333331,252.66666666666666,219.0,270.0,245.0,264.66666666666663,246.0,283.0
203.66666666666669,213.66666666666669,237.66666666666666,198.0,215.0,219.0,253.0,218.0,270.0,245.0,265.0,246.0,283.0
204.33333333333331,214.0,238.0,198.0,214.66666666666669,219.33333333333331,252.66666666666666,218.5,270.0,245.0,265.0,246.0,283.0
205.0,214.0,238.0,198.0,214.33333333333331,219.66666666666669,252.33333333333334,219.0,269.66666666666663,245.0,265.0,246.0,283.0
205.33333333333331,213.66666666666669,238.0,198.0,214.0,220.0,252.0,219.33333333333331,269.33333333333337,245.0,265.0,246.0,283.33333333333337
205.66666666666669,213.33333333333331,238.0,198.0,214.0,220.33333333333334,252.0,219.66666666666669,269.0,245.0,265.0,246.0,283.66666666666663
206.0,213.0,238.33333333333334,198.0,214.0,220.66666666666666,252.0,220.0,269.0,245.0,265.0,246.0,284.0
206.0,213.0,238.66666666666666,198.0,214.0,221.0,252.0,220.0,269.0,245.0,264.66666666666663,246.0,284.0
205.66666666666669,213.0,239.0,198.0,214.0,221.0,252.0,220.0,269.33333333333337,245.0,264.33333333333337,246.0,284.0
205.33333333333331,213.33333333333331,239.0,198.0,214.0,221.0,252.0,220.0,269.66666666666663,245.0,264.0,246.0,283.66666666666663
205.0,213.66666666666669,238.66666666666666,198.0,214.0,221.0,252.33333333333334,220.0,270.0,245.0,264.0,246.0,283.33333333333337
205.0,214.0,238.33333333333334,198.33333333333331,212.0,220.66666666666666,252.66666666666666,220.0,270.33333333333337,245.0,264.0,246.0,283.0
205.0,213.66666666666669,238.0,198.66666666666669,211.0,220.33333333333334,253.0,220.0,270.66666666666663,245.0,264.0,246.0,283.0
205.0,213.33333333333331,238.0,199.0,210.0,220.0,253.5,219.66666666666669,271.0,245.33333333333334,264.33333333333337,246.0,283.33333333333337
204.66666666666669,213.0,238.33333333333334,199.0,209.0,220.33333333333334,254.0,219.33333333333331,271.0,245.66666666666666,264.66666666666663,246.0,283.66666666666663
204.33333333333331,213.33333333333331,238.66666666666666,199.0,210.0,220.66666666666666,254.5,219.0,271.0,246.0,265.0,246.33333333333334,284.0
204.0,213.66666666666669,239.0,199.0,211.0,221.0,255.0,218.5,270.66666666666663,246.0,264.66666666666663,246.66666666666666,284.5
204.33333333333331,214.0,239.0,198.66666666666669,212.0,221.0,254.66666666666666,218.0,270.33333333333337,246.0,264.33333333333337,247.0,285.0
204.66666666666669,214.33333333333331,239.0,198.33333333333331,220.66666666666666,221.0,254.33333333333334,218.33333333333331,270.0,246.0,264.0,246.66666666666666,284.5
205.0,214.66666666666669,239.0,198.0,229.33333333333334,221.0,254.0,218.66666666666669,269.33333333333337,246.0,264.0,246.33333333333334,284.0
206.0,215.0,238.66666666666666,198.0,238.0,221.0,253.33333333333334,219.0,268.66666666666663,246.0,264.0,246.0,283.66666666666663
205.66666666666669,214.66666666666669,238.33333333333334,198.0,251.0,221.0,252.66666666666666,219.33333333333331,268.0,246.0,264.0,246.0,283.33333333333337
205.33333333333331,214.33333333333331,238.0,198.0,251.33333333333334,221.0,252.0,219.66666666666669,268.33333333333337,246.0,264.0,246.0,283.0
205.0,214.0,238.33333333333334,198.0,251.66666666666666,221.0,252.33333333333334,220.0,268.66666666666663,246.0,264.0,246.0,283.0
205.0,213.66666666666669,238.66666666666666,198.0,252.0,221.0,252.66666666666666,219.66666666666669,269.0,246.33333333333334,264.0,246.0,283.33333333333337
205.0,213.33333333333331,239.0,198.0,238.33333333333334,221.0,253.0,219.33333333333331,268.66666666666663,246.66666666666666,264.0,246.0,283.66666666666663
205.0,213.0,239.0,198.0,224.66666666666666,221.33333333333334,253.66666666666666,219.0,268.33333333333337,247.0,264.0,246.0,284.0
205.0,213.33333333333331,239.0,198.0,211.0,221.66666666666666,254.33333333333334,218.66666666666669,268.0,247.33333333333334,264.0,246.0,283.66666666666663
205.0,213.66666666666669,239.0,198.0,208.33333333333331,222.0,255.0,218.33333333333331,268.33333333333337,247.66666666666666,264.0,246.0,283.33333333333337
205.0,214.0,239.0,198.0,205.66666666666669,222.33333333333334,256.0,218.0,268.66666666666663,248.0,264.0,245.66666666666666,283.0
205.0,213.66666666666669,238.66666666666666,198.0,203.0,222.66666666666666,255.33333333333334,218.0,269.0,247.33333333333334,264.0,245.33333333333334,283.33333333333337
205.0,213.33333333333331,238.33333333333334,198.0,207.0,223.0,254.66666666666666,218.0,268.66666666666663,246.66666666666666,264.0,245.0,283.66666666666663
206.0,213.0,238.0,198.0,211.0,222.5,254.0,218.0,268.33333333333337,246.0,264.0,245.0,284.0
205.33333333333331,212.66666666666669,237.66666666666666,198.0,212.0,222.0,253.5,219.0,268.0,246.0,264.0,245.0,283.66666666666663
204.66666666666669,212.33333333333331,237.33333333333334,198.0,213.0,221.5,253.0,219.0,268.5,246.0,264.0,245.0,283.33333333333337
204.0,212.0,237.0,198.33333333333331,214.0,221.0,253.5,219.0,269.0,246.0,264.0,245.0,283.0
203.33333333333331,212.5,236.66666666666666,198.66666666666669,214.0,220.66666666666666,254.0,219.0,270.0,246.0,264.0,245.33333333333334,282.5
202.66666666666669,213.0,236.33333333333334,199.0,214.0,220.33333333333334,254.0,218.33333333333331,271.0,246.0,264.0,245.66666666666666,282.0
202.0,213.33333333333331,236.0,199.0,214.0,220.0,254.0,217.66666666666669,272.0,245.66666666666666,264.0,246.0,281.66666666666663
202.66666666666669,213.66666666666669,236.0,198.66666666666669,214.0,219.66666666666669,254.0,217.0,271.66666666666663,245.33333333333334,263.5,245.66666666666666,281.33333333333337
203.33333333333331,214.0,236.33333333333334,198.33333333333331,214.0,219.33333333333331,253.66666666666666,217.5,271.33333333333337,245.0,263.0,245.33333333333334,281.0
204.0,214.0,236.66666666666666,198.0,214.0,219.0,253.33333333333334,218.0,271.0,245.0,263.33333333333337,245.0,281.0
204.33333333333331,213.66666666666669,237.0,198.0,214.0,219.0,253.0,218.66666666666669,270.66666666666663,245.0,263.66666666666663,245.0,281.33333333333337
204.66666666666669,213.33333333333331,236.66666666666666,198.0,214.0,219.33333333333331,252.66666666666666,219.33333333333331,270.33333333333337,245.0,264.0,245.0,281.66666666666663
205.0,213.0,236.33333333333334,198.0,214.0,219.66666666666669,252.33333333333334,220.0,270.0,245.0,264.33333333333337,245.0,282.0
205.0,212.66666666666669,236.0,198.0,214.0,220.0,252.0,220.33333333333331,270.0,245.0,264.66666666666663,245.33333333333334,282.0
205.0,212.33333333333331,236.0,197.66666666666669,214.0,219.66666666666669,252.0,220.66666666666669,270.0,245.0,265.0,245.66666666666666,282.0
205.0,212.0,236.0,197.33333333333331,214.0,219.33333333333331,252.0,221.0,269.66666666666663,244.66666666666666,264.5,246.0,282.0
205.0,211.66666666666669,235.66666666666666,197.0,214.33333333333331,219.0,252.0,220.66666666666669,269.33333333333337,244.33333333333334,264.0,245.5,281.33333333333337
205.0,211.33333333333331,235.33333333333334,196.66666666666669,214.66666666666669,219.33333333333331,252.0,220.33333333333331,269.0,244.0,263.5,245.0,280.66666666666663
205.0,211.0,235.0,196.33333333333331,215.0,219.66666666666669,252.0,220.0,269.33333333333337,244.33333333333334,263.0,244.66666666666666,280.0
204.66666666666669,210.66666666666669,235.0,196.0,215.5,220.0,252.33333333333334,219.5,269.66666666666663,244.66666666666666,263.33333333333337,244.33333333333334,280.0
204.33333333333331,210.33333333333331,235.0,196.0,216.0,220.0,252.66666666666666,219.0,270.0,245.0,263.66666666666663,244.0,280.0
204.0,210.0,235.0,196.0,216.0,220.0,253.0,219.33333333333331,270.0,245.33333333333334,264.0,244.0,280.0
204.33333333333331,210.5,235.33333333333334,196.33333333333331,216.0,220.0,253.33333333333334,219.66666666666669,270.0,245.66666666666666,263.5,244.0,280.66666666666663
204.66666666666669,211.0,235.66666666666666,196.66666666666669,215.33333333333331,220.0,253.66666666666666,220.0,270.0,246.0,263.0,244.0,281.33333333333337
205.0,211.66666666666669,236.0,197.0,214.66666666666669,220.0,254.0,219.66666666666669,269.33333333333337,247.0,262.5,244.0,282.0
205.0,212.33333333333331,236.5,197.5,214.0,220.66666666666666,254.66666666666666,219.33333333333331,268.66666666666663,248.0,262.0,244.0,282.33333333333337
205.0,213.0,237.0,198.0,214.33333333333331,221.33333333333334,255.33333333333334,219.0,268.0,249.0,261.5,244.0,282.66666666666663
205.33333333333331,213.66666666666669,237.5,198.33333333333331,214.66666666666669,222.0,256.0,218.33333333333331,267.33333333333337,249.33333333333334,261.0,244.0,283.0
205.66666666666669,214.33333333333331,238.0,198.66666666666669,215.0,223.0,256.0,217.66666666666669,266.66666666666663,249.66666666666666,260.5,243.33333333333334,283.0
206.0,215.0,238.33333333333334,199.0,216.0,224.0,256.0,217.0,266.0,250.0,260.0,242.66666666666666,283.0
207.0,215.33333333333331,238.66666666666666,199.0,217.0,225.0,256.0,217.66666666666669,265.66666666666663,250.33333333333334,259.5,242.0,283.0
208.0,215.66666666666669,239.0,199.0,217.0,226.0,256.0,218.33333333333331,265.33333333333337,250.66666666666666,259.0,241.66666666666666,283.0
208.0,216.0,239.33333333333334,199.0,217.0,227.0,256.0,219.0,265.0,251.0,258.5,241.33333333333334,283.0
208.0,216.33333333333331,239.66666666666666,199.66666666666669,217.0,227.66666666666666,256.0,218.66666666666669,264.66666666666663,252.5,258.0,241.0,283.0
208.0,216.66666666666669,240.0,200.33333333333331,217.33333333333331,228.33333333333334,258.0,218.33333333333331,264.33333333333337,254.0,257.33333333333337,240.66666666666666,283.0
207.5,217.0,240.0,201.0,217.66666666666669,229.0,260.0,218.0,264.0,254.66666666666666,256.66666666666663,240.33333333333334,282.66666666666663
207.0,217.33333333333331,240.0,201.0,218.0,230.0,260.33333333333337,217.0,263.0,255.33333333333334,256.0,240.0,282.33333333333337
208.0,217.66666666666669,240.0,201.0,219.0,231.0,260.66666666666663,217.0,262.0,256.0,255.33333333333334,239.66666666666666,282.0
209.0,218.0,239.66666666666666,201.0,220.0,232.0,261.0,217.0,261.33333333333337,255.33333333333334,254.66666666666666,239.33333333333334,281.0
210.0,218.0,239.33333333333334,201.0,220.33333333333334,232.33333333333334,260.0,217.0,260.66666666666663,254.66666666666666,254.0,239.0,280.0
211.0,217.66666666666669,239.0,201.0,220.66666666666666,232.66666666666666,259.0,218.0,260.0,254.0,254.0,239.5,279.66666666666663
211.33333333333331,217.33333333333331,238.66666666666666,201.0,221.0,233.0,258.0,219.0,260.33333333333337,253.0,254.66666666666666,240.0,279.33333333333337
211.66666666666669,217.0,238.33333333333334,201.0,221.33333333333334,232.0,257.0,220.0,260.66666666666663,252.0,255.33333333333334,240.5,279.0
212.0,216.66666666666669,238.0,201.0,221.66666666666666,231.0,256.0,220.5,261.0,251.0,256.0,241.0,278.66666666666663
212.0,216.33333333333331,237.5,201.0,222.0,230.0,255.0,221.0,262.0,250.0,256.66666666666663,241.5,278.33333333333337
211.0,216.0,237.0,201.0,223.33333333333334,229.0,254.66666666666666,221.33333333333331,263.0,249.0,257.33333333333337,242.0,278.0
210.0,216.0,236.66666666666666,201.0,224.66666666666666,228.0,254.33333333333334,221.66666666666669,264.0,248.0,258.0,242.33333333333334,278.33333333333337
209.0,216.0,236.33333333333334,200.0,226.0,226.66666666666666,254.0,222.0,265.0,247.33333333333334,259.0,242.66666666666666,278.66666666666663
208.0,215.33333333333331,236.0,199.0,227.5,225.33333333333334,253.66666666666666,221.66666666666669,266.0,246.66666666666666,260.0,243.0,279.0
207.33333333333331,214.66666666666669,235.66666666666666,198.0,229.0,224.0,253.33333333333334,221.33333333333331,267.0,246.0,261.0,243.0,279.33333333333337
206.66666666666669,214.0,235.33333333333334,197.0,229.0,222.66666666666666,253.0,221.0,268.0,245.33333333333334,262.0,243.33333333333334,279.66666666666663
206.0,213.0,235.0,196.66666666666669,229.0,221.33333333333334,252.66666666666666,220.66666666666669,269.0,244.66666666666666,263.0,243.66666666666666,280.0
204.0,212.0,235.0,196.33333333333331,229.0,220.0,252.33333333333334,220.33333333333331,270.0,244.0,264.0,244.0,280.33333333333337
202.0,211.0,235.0,196.0,230.0,218.5,252.0,220.0,271.33333333333337,244.0,265.0,244.66666666666666,280.66666666666663
200.0,211.0,235.0,196.0,231.0,217.0,253.5,219.0,272.66666666666663,244.0,265.33333333333337,245.33333333333334,281.0
199.66666666666669,211.0,235.0,196.0,232.0,216.5,255.0,217.66666666666669,274.0,243.33333333333334,265.66666666666663,246.0,281.0
199.33333333333331,211.0,234.66666666666666,196.0,233.0,216.0,254.0,216.33333333333331,274.0,242.66666666666666,266.0,245.66666666666666,281.0
199.0,211.0,234.33333333333334,196.0,234.33333333333334,215.66666666666669,253.0,215.0,274.0,242.0,266.0,245.33333333333334,281.0
201.0,211.0,234.0,195.66666666666669,235.66666666666666,215.33333333333331,252.0,216.33333333333331,274.0,241.0,266.0,245.0,280.33333333333337
202.0,210.5,233.66666666666666,195.33333333333331,237.0,215.0,250.0,217.66666666666669,274.0,241.0,266.0,244.66666666666666,279.66666666666663
203.0,210.0,233.33333333333334,195.0,236.66666666666666,214.5,249.66666666666666,219.0,274.0,241.0,265.66666666666663,244.33333333333334,279.0
204.0,210.0,233.0,195.0,236.33333333333334,214.0,249.33333333333334,219.66666666666669,273.66666666666663,241.0,265.33333333333337,244.0,279.0
203.66666666666669,210.0,233.0,195.0,236.0,214.5,249.0,220.33333333333331,273.33333333333337,241.5,265.0,244.0,279.0
203.33333333333331,210.0,233.0,195.0,236.0,215.0,250.0,221.0,273.0,242.0,266.0,244.0,279.33333333333337
203.0,210.5,232.33333333333334,195.0,236.0,215.5,251.0,220.5,273.33333333333337,242.0,267.0,244.0,279.66666666666663
201.0,211.0,231.66666666666666,195.0,236.0,216.0,252.0,220.0,273.66666666666663,242.0,268.0,244.0,280.0
199.0,209.0,231.0,191.33333333333331,235.33333333333334,215.0,253.0,218.5,274.0,242.33333333333334,271.33333333333337,244.0,282.33333333333337
197.0,207.0,230.0,187.66666666666669,234.66666666666666,214.0,255.33333333333334,217.0,277.0,242.66666666666666,274.66666666666663,244.0,284.66666666666663
194.0,205.0,232.66666666666666,184.0,234.0,213.0,257.66666666666663,213.66666666666669,280.0,243.0,278.0,245.66666666666666,287.0
191.0,204.66666666666669,235.33333333333334,185.66666666666669,232.0,210.0,260.0,210.33333333333331,280.66666666666663,243.0,279.0,247.33333333333334,297.0
188.0,204.33333333333331,238.0,187.33333333333331,230.0,210.66666666666669,258.33333333333337,207.0,281.33333333333337,243.0,280.0,249.0,307.0
197.33333333333331,204.0,254.33333333333334,189.0,228.0,211.33333333333331,256.66666666666663,209.66666666666669,282.0,243.0,281.0,261.0,317.0
206.66666666666669,222.0,270.66666666666663,211.0,226.0,212.0,255.0,212.33333333333331,266.33333333333337,245.0,266.0,273.0,316.66666666666663
216.0,240.0,287.0,233.0,225.33333333333334,221.5,243.5,215.0,250.66666666666666,247.0,251.0,285.0,316.33333333333337
241.0,258.0,294.66666666666663,255.0,224.66666666666666,231.0,232.0,234.0,235.0,249.0,232.0,280.66666666666663,316.0
266.0,277.0,302.33333333333337,271.0,224.0,247.0,231.33333333333334,253.0,222.0,251.66666666666666,213.0,276.33333333333337,286.0
266.66666666666663,278.0,310.0,267.0,223.33333333333334,263.0,230.66666666666666,258.33333333333337,220.0,254.33333333333334,211.66666666666669,272.0,256.0
267.33333333333337,279.0,273.0,263.0,222.66666666666666,263.33333333333337,230.0,263.66666666666663,218.0,257.0,210.33333333333331,246.33333333333334,226.0
268.0,280.0,236.0,259.0,222.0,263.66666666666663,229.0,269.0,216.0,247.0,209.0,220.66666666666669,196.0
253.0,250.66666666666666,200.5,235.0,221.33333333333334,264.0,228.0,261.0,231.0,237.0,218.5,195.0,166.0
242.0,221.33333333333334,165.0,220.0,220.66666666666666,247.0,227.0,256.0,243.66666666666666,227.0,228.0,195.66666666666669,170.66666666666669
231.0,192.0,166.66666666666669,205.0,220.0,230.0,226.0,251.0,256.33333333333337,226.66666666666666,236.33333333333334,196.33333333333331,175.33333333333331
220.0,187.66666666666669,168.33333333333331,190.0,219.33333333333334,213.0,225.0,246.0,269.0,226.33333333333334,244.66666666666666,197.0,180.0
216.66666666666669,183.33333333333331,170.0,190.33333333333331,218.66666666666669,210.33333333333331,224.0,242.0,270.0,226.0,253.0,209.0,205.0
213.33333333333331,179.0,187.5,190.66666666666669,218.0,207.66666666666669,230.5,238.0,271.0,231.0,256.33333333333337,218.0,225.0
210.0,186.33333333333331,205.0,191.0,217.0,205.0,237.0,234.0,272.0,236.0,259.66666666666663,227.0,245.0
207.66666666666669,193.66666666666669,213.66666666666669,193.0,217.0,209.5,242.33333333333334,229.0,272.0,241.0,263.0,236.0,265.0
205.33333333333331,201.0,222.33333333333334,195.0,217.0,214.0,247.66666666666666,225.66666666666666,272.0,242.0,264.33333333333337,239.0,270.0
203.0,204.0,231.0,195.0,217.0,215.0,253.0,222.33333333333334,272.0,243.0,265.66666666666663,242.0,275.0
202.33333333333331,207.0,232.0,195.0,218.0,216.0,253.0,219.0,272.66666666666663,244.0,267.0,245.0,280.0
201.66666666666669,210.0,233.0,195.0,218.0,217.0,253.0,218.33333333333331,273.33333333333337,243.33333333333334,267.5,245.33333333333334,280.66666666666663
201.0,210.33333333333331,234.0,195.0,218.0,216.5,253.0,217.66666666666669,274.0,242.66666666666666,268.0,245.66666666666666,281.33333333333337
200.66666666666669,210.66666666666669,234.0,195.0,218.0,216.0,252.5,217.0,274.33333333333337,242.0,268.5,246.0,282.0
200.33333333333331,211.0,234.33333333333334,195.0,217.5,215.5,252.0,217.0,274.66666666666663,242.33333333333334,269.0,246.33333333333334,282.66666666666663
200.0,211.33333333333331,234.66666666666666,195.0,217.0,215.0,252.66666666666666,217.0,275.0,242.66666666666666,269.33333333333337,246.66666666666666,283.33333333333337
199.33333333333331,211.66666666666669,235.0,195.0,217.5,214.66666666666669,253.33333333333334,217.0,275.5,243.0,269.66666666666663,247.0,284.0
198.66666666666669,212.0,235.33333333333334,195.0,218.0,214.33333333333331,254.0,216.33333333333331,276.0,243.33333333333334,270.0,247.0,284.33333333333337
198.0,212.0,235.66666666666666,195.0,218.0,214.0,253.66666666666666,215.66666666666669,275.5,243.66666666666666,270.0,247.0,284.66666666666663
199.0,212.0,236.0,195.0,218.0,214.66666666666669,253.33333333333334,215.0,275.0,244.0,269.66666666666663,247.0,285.0
200.0,212.0,236.33333333333334,195.0,218.0,215.33333333333331,253.0,216.0,274.33333333333337,244.0,269.33333333333337,247.33333333333334,285.0
201.0,212.0,236.66666666666666,195.0,218.0,216.0,253.0,216.66666666666669,273.66666666666663,244.0,269.0,247.66666666666666,285.0
201.0,212.0,237.0,195.33333333333331,218.0,217.0,253.33333333333334,217.33333333333331,273.0,244.0,268.66666666666663,248.0,285.0
201.0,212.0,237.5,195.66666666666669,218.0,217.33333333333331,253.66666666666666,218.0,273.0,244.33333333333334,268.33333333333337,248.0,285.0
201.0,212.0,238.0,196.0,218.0,217.66666666666669,254.0,217.66666666666669,273.0,244.66666666666666,268.0,248.0,285.66666666666663
200.5,212.33333333333331,238.5,196.0,218.33333333333331,218.0,254.5,217.33333333333331,273.0,245.0,268.0,248.0,286.33333333333337
200.0,212.66666666666669,239.0,196.0,218.66666666666669,217.66666666666669,255.0,217.0,273.33333333333337,245.0,268.0,248.33333333333334,287.0
199.5,213.0,238.66666666666666,196.0,219.0,217.33333333333331,255.0,216.5,273.66666666666663,244.66666666666666,268.33333333333337,248.66666666666666,287.0
199.0,213.0,238.33333333333334,196.0,219.33333333333334,217.0,255.0,216.0,274.0,244.33333333333334,268.66666666666663,249.0,287.0
199.66666666666669,213.0,238.0,196.0,219.66666666666666,216.66666666666669,255.0,216.0,273.66666666666663,244.0,269.0,248.66666666666666,287.0
200.33333333333331,213.0,238.0,196.0,220.0,216.33333333333331,254.0,216.0,273.33333333333337,244.0,269.0,248.33333333333334,286.5
201.0,213.0,238.0,196.0,220.0,216.0,254.0,216.5,273.0,244.0,269.0,248.0,286.0
201.0,213.33333333333331,238.0,196.0,220.0,216.66666666666669,254.0,217.0,272.66666666666663,244.66666666666666,269.0,248.33333333333334,286.66666666666663
201.0,213.66666666666669,239.0,196.66666666666669,220.0,217.33333333333331,254.0,216.66666666666669,272.33333333333337,245.33333333333334,269.5,248.66666666666666,287.33333333333337
201.0,214.0,239.0,197.33333333333331,220.33333333333334,218.0,256.0,216.33333333333331,272.0,246.0,270.0,249.0,288.0
201.33333333333331,214.33333333333331,239.0,198.0,220.66666666666666,218.33333333333331,255.66666666666666,216.0,271.66666666666663,245.33333333333334,269.5,249.33333333333334,288.0
201.66666666666669,214.66666666666669,239.0,197.66666666666669,221.0,218.66666666666669,255.33333333333334,216.33333333333331,271.33333333333337,244.66666666666666,269.0,249.66666666666666,288.0
202.0,215.0,239.0,197.33333333333331,221.0,219.0,255.0,216.66666666666669,271.0,244.0,268.66666666666663,250.0,288.0
204.0,214.5,239.33333333333334,197.0,221.0,219.0,252.0,217.0,270.66666666666663,243.5,268.33333333333337,250.0,288.33333333333337
204.0,214.0,239.66666666666666,197.66666666666669,221.0,219.0,251.66666666666666,219.0,270.33333333333337,243.0,268.0,250.33333333333334,288.66666666666663
204.0,214.66666666666669,240.0,198.33333333333331,221.0,218.66666666666669,251.33333333333334,219.33333333333331,270.0,243.5,268.0,250.66666666666666,289.0
204.0,215.33333333333331,241.0,199.0,221.0,218.33333333333331,251.0,219.66666666666669,270.5,244.0,268.0,251.0,289.5
203.0,216.0,242.0,199.66666666666669,220.66666666666666,218.0,253.0,220.0,271.0,244.5,268.0,252.0,290.0
203.0,217.0,242.66666666666666,200.33333333333331,220.33333333333334,218.33333333333331,253.33333333333334,218.0,271.0,245.0,268.0,253.0,290.66666666666663
203.0,218.0,243.33333333333334,201.0,220.0,218.66666666666669,253.66666666666666,218.0,271.0,245.33333333333334,268.0,254.0,291.33333333333337
203.0,219.0,244.0,201.33333333333331,219.66666666666666,219.0,254.0,218.0,271.0,245.66666666666666,267.66666666666663,254.33333333333334,292.0
204.0,219.33333333333331,244.66666666666666,201.66666666666669,219.33333333333334,219.66666666666669,254.0,218.0,270.0,246.0,267.33333333333337,254.66666666666666,292.66666666666663
205.33333333333331,219.66666666666669,245.33333333333334,202.0,219.0,220.33333333333334,253.66666666666666,219.0,269.0,246.0,267.0,255.0,293.33333333333337
206.66666666666669,220.0,246.0,202.33333333333331,219.0,221.0,253.33333333333334,219.66666666666669,268.0,246.0,266.33333333333337,255.66666666666666,294.0
208.0,220.0,247.0,202.66666666666669,219.0,221.66666666666666,253.0,220.33333333333331,267.0,246.0,265.66666666666663,256.33333333333337,294.5
208.66666666666669,221.0,248.0,203.0,219.33333333333334,222.33333333333334,252.66666666666666,221.0,266.33333333333337,246.33333333333334,265.0,257.0,295.0
209.33333333333331,222.0,249.0,204.0,219.66666666666666,223.0,252.33333333333334,221.5,265.66666666666663,246.66666666666666,265.0,258.0,296.0
210.0,223.0,250.66666666666666,205.0,220.0,223.66666666666666,252.0,222.0,265.0,247.0,265.0,259.0,297.0
210.66666666666669,224.5,252.33333333333334,206.0,220.33333333333334,224.33333333333334,252.33333333333334,222.5,264.33333333333337,247.66666666666666,265.0,260.33333333333337,298.0
211.33333333333331,226.0,254.0,208.5,220.66666666666666,225.0,252.66666666666666,223.0,263.66666666666663,248.33333333333334,264.66666666666663,261.66666666666663,299.0
212.0,227.66666666666666,255.66666666666666,211.0,221.0,226.0,253.0,222.5,263.0,249.0,264.33333333333337,263.0,300.0
212.66666666666669,229.33333333333334,257.33333333333337,212.66666666666669,220.66666666666666,227.0,253.5,222.0,262.0,249.66666666666666,264.0,264.0,301.0
213.33333333333331,231.0,259.0,214.33333333333331,220.33333333333334,228.0,254.0,222.66666666666666,261.0,250.33333333333334,262.66666666666663,265.0,301.33333333333337
214.0,232.66666666666666,260.33333333333337,216.0,220.0,229.0,253.33333333333334,223.33333333333334,260.0,251.0,261.33333333333337,266.0,301.66666666666663
216.33333333333331,234.33333333333334,261.66666666666663,217.33333333333331,219.66666666666666,230.33333333333334,252.66666666666666,224.0,258.0,251.33333333333334,260.0,267.0,302.0
218.66666666666669,236.0,263.0,218.66666666666669,219.33333333333334,231.66666666666666,252.0,225.33333333333334,256.0,251.66666666666666,259.0,268.0,302.0
221.0,237.33333333333334,264.0,220.0,219.0,233.0,251.66666666666666,226.66666666666666,254.0,252.0,258.0,268.33333333333337,302.0
222.0,238.66666666666666,265.0,221.5,219.5,234.0,251.33333333333334,228.0,253.33333333333334,252.33333333333334,257.66666666666663,268.66666666666663,302.33333333333337
223.0,240.0,266.0,223.0,220.0,235.0,251.0,228.66666666666666,252.66666666666666,252.66666666666666,257.33333333333337,269.0,302.66666666666663
224.0,241.66666666666666,267.0,224.66666666666666,220.33333333333334,236.0,251.33333333333334,229.33333333333334,252.0,253.0,257.0,269.0,303.0
224.0,243.33333333333334,268.0,226.33333333333334,220.66666666666666,237.0,251.66666666666666,230.0,252.0,253.33333333333334,256.33333333333337,269.0,302.66666666666663
224.0,245.0,269.0,228.0,221.0,238.0,252.0,229.66666666666666,251.66666666666666,253.66666666666666,255.66666666666666,268.66666666666663,302.33333333333337
224.0,245.66666666666666,269.0,228.5,220.66666666666666,238.33333333333334,251.66666666666666,229.33333333333334,251.33333333333334,254.0,255.0,268.33333333333337,302.0
224.0,246.33333333333334,269.0,229.0,220.33333333333334,238.66666666666666,251.33333333333334,229.0,251.0,254.0,254.66666666666666,268.0,301.0
225.0,247.0,268.33333333333337,228.33333333333334,220.0,239.0,251.0,229.5,250.66666666666666,254.0,254.33333333333334,267.0,300.0
225.0,246.33333333333334,267.66666666666663,227.66666666666666,220.33333333333334,239.0,251.33333333333334,230.0,250.33333333333334,254.0,254.0,266.0,299.0
225.0,245.66666666666666,267.0,227.0,220.66666666666666,239.0,251.66666666666666,230.5,250.0,254.0,254.0,264.66666666666663,298.0
225.0,245.0,266.0,225.66666666666666,221.0,239.0,252.0,231.0,250.0,254.0,254.0,263.33333333333337,296.66666666666663
223.66666666666666,243.33333333333334,264.33333333333337,224.33333333333334,222.5,238.66666666666666,252.66666666666666,230.5,251.0,254.0,254.0,262.0,295.33333333333337
222.33333333333334,241.66666666666666,262.66666666666663,223.0,224.0,238.33333333333334,253.33333333333334,230.0,252.0,254.33333333333334,254.66666666666666,260.66666666666663,294.0
221.0,240.0,261.0,221.0,225.5,238.0,254.0,228.33333333333334,253.0,254.66666666666666,255.33333333333334,259.33333333333337,293.33333333333337
219.0,238.0,259.33333333333337,219.0,227.0,237.33333333333334,255.0,226.66666666666666,254.0,255.0,256.0,258.0,292.66666666666663
217.0,236.0,257.66666666666663,217.0,227.66666666666666,236.66666666666666,256.0,225.0,255.33333333333334,254.0,256.66666666666663,256.66666666666663,292.0
215.66666666666669,234.33333333333334,256.0,215.33333333333331,228.33333333333334,236.0,257.0,224.0,256.66666666666663,253.0,257.33333333333337,255.33333333333334,291.33333333333337
214.33333333333331,232.66666666666666,254.33333333333334,213.66666666666669,229.0,234.5,256.5,223.0,258.0,252.0,258.0,254.0,290.66666666666663
213.0,231.0,252.66666666666666,212.0,229.66666666666666,233.0,256.0,222.0,259.0,251.0,258.66666666666663,252.66666666666666,290.0
212.33333333333331,229.33333333333334,251.0,210.33333333333331,230.33333333333334,231.5,255.33333333333334,222.0,260.0,250.0,259.33333333333337,251.33333333333334,289.0
211.66666666666669,227.66666666666666,249.0,208.66666666666669,231.0,230.0,254.66666666666666,222.0,261.0,249.0,260.0,250.0,288.0
211.0,226.0,247.0,207.0,231.66666666666666,228.33333333333334,254.0,222.0,262.33333333333337,248.0,260.66666666666663,249.0,287.0
210.66666666666669,224.0,245.0,205.33333333333331,232.33333333333334,226.66666666666666,253.0,222.0,263.66666666666663,247.0,261.33333333333337,248.66666666666666,286.0
210.33333333333331,222.0,243.66666666666666,203.66666666666669,233.0,225.0,252.0,222.33333333333334,265.0,246.33333333333334,262.0,248.33333333333334,285.0
210.0,220.33333333333334,242.33333333333334,202.0,233.66666666666666,224.33333333333334,251.33333333333334,222.66666666666666,265.33333333333337,245.66666666666666,261.66666666666663,248.0,284.0
210.0,218.66666666666669,241.0,201.33333333333331,234.33333333333334,223.66666666666666,250.66666666666666,223.0,265.66666666666663,245.0,261.33333333333337,248.0,284.0
210.0,217.0,240.66666666666666,200.66666666666669,235.0,223.0,250.0,223.0,266.0,245.0,261.0,248.0,284.0
210.0,216.66666666666669,240.33333333333334,200.0,234.0,222.66666666666666,251.0,223.0,266.66666666666663,245.33333333333334,261.33333333333337,248.0,284.0
208.33333333333331,216.33333333333331,240.0,200.33333333333331,233.0,222.33333333333334,252.0,223.0,267.33333333333337,245.66666666666666,261.66666666666663,247.66666666666666,284.0
206.66666666666669,216.0,239.66666666666666,200.66666666666669,232.0,222.0,253.0,221.66666666666669,268.0,246.0,262.0,247.33333333333334,284.0
205.0,215.66666666666669,239.33333333333334,201.0,230.33333333333334,221.66666666666666,254.0,220.33333333333331,269.0,245.66666666666666,262.0,247.0,284.0
204.33333333333331,215.33333333333331,239.0,200.66666666666669,228.66666666666666,221.33333333333334,254.0,219.0,270.0,245.33333333333334,262.0,247.0,284.0
203.66666666666669,215.0,239.0,200.33333333333331,227.0,221.0,254.0,218.66666666666669,270.33333333333337,245.0,262.0,247.0,283.66666666666663
203.0,215.0,239.0,200.0,225.66666666666666,220.5,254.0,218.33333333333331,270.66666666666663,244.66666666666666,262.0,247.0,283.33333333333337
204.0,215.0,239.0,199.66666666666669,224.33333333333334,220.0,253.0,218.0,271.0,244.33333333333334,262.0,246.66666666666666,283.0
205.0,215.0,239.0,199.33333333333331,223.0,219.66666666666669,252.0,219.0,271.0,244.0,262.0,246.33333333333334,282.66666666666663
205.33333333333331,215.0,238.66666666666666,199.0,221.66666666666666,219.33333333333331,251.0,220.0,270.66666666666663,244.0,262.33333333333337,246.0,282.33333333333337
205.66666666666669,215.0,238.33333333333334,198.5,220.33333333333334,219.0,251.0,220.33333333333331,270.33333333333337,244.0,262.66666666666663,246.0,282.0
206.0,215.0,238.0,198.0,219.0,219.0,251.0,220.66666666666669,270.0,244.0,263.0,246.0,282.0
206.0,215.0,237.66666666666666,197.5,218.33333333333331,219.0,251.0,221.0,270.0,244.0,262.66666666666663,246.0,282.0
206.0,214.66666666666669,237.33333333333334,197.0,217.66666666666669,219.0,251.0,220.66666666666669,270.0,244.0,262.33333333333337,246.0,282.0
206.0,214.33333333333331,237.0,197.33333333333331,217.0,219.0,251.0,220.33333333333331,270.0,244.0,262.0,246.0,282.0
206.0,214.0,237.33333333333334,197.66666666666669,217.0,219.0,251.33333333333334,220.0,270.0,244.0,262.0,246.0,282.0
206.0,214.33333333333331,237.66666666666666,198.0,217.0,219.33333333333331,251.66666666666666,220.0,269.66666666666663,244.33333333333334,262.0,246.0,282.33333333333337
206.0,214.66666666666669,238.0,198.33333333333331,217.0,219.66666666666669,252.0,220.0,269.33333333333337,244.66666666666666,262.33333333333337,246.0,282.66666666666663
206.0,215.0,238.0,198.66666666666669,217.0,220.0,251.66666666666666,220.33333333333331,269.0,245.0,262.66666666666663,246.0,283.0
206.33333333333331,215.0,238.0,199.0,217.0,220.33333333333334,251.33333333333334,220.66666666666669,268.66666666666663,244.66666666666666,263.0,245.66666666666666,282.66666666666663
206.66666666666669,215.0,238.0,199.0,217.0,220.66666666666666,251.0,221.0,268.33333333333337,244.33333333333334,263.0,245.33333333333334,282.33333333333337
207.0,215.0,238.33333333333334,198.66666666666669,217.0,221.0,251.0,221.5,268.0,244.0,263.0,245.0,282.0
206.33333333333331,214.66666666666669,238.66666666666666,198.33333333333331,216.66666666666669,220.66666666666666,251.0,222.0,268.33333333333337,244.33333333333334,263.0,245.33333333333334,282.33333333333337
205.66666666666669,214.33333333333331,239.0,198.0,216.33333333333331,220.33333333333334,251.0,221.33333333333331,268.66666666666663,244.66666666666666,263.33333333333337,245.66666666666666,282.66666666666663
205.0,214.0,239.0,198.33333333333331,216.0,220.0,252.0,220.66666666666669,269.0,245.0,263.66666666666663,246.0,283.0
205.0,214.33333333333331,239.0,198.66666666666669,214.33333333333331,220.0,252.33333333333334,220.0,269.0,245.33333333333334,264.0,246.33333333333334,283.33333333333337
205.0,214.66666666666669,239.0,199.0,212.66666666666669,220.33333333333334,252.66666666666666,219.66666666666669,269.0,245.66666666666666,264.0,246.66666666666666,283.66666666666663
205.0,215.0,239.0,198.66666666666669,211.0,220.66666666666666,253.0,219.33333333333331,269.0,246.0,264.0,247.0,284.0
206.0,214.66666666666669,239.0,198.33333333333331,212.66666666666669,221.0,253.0,219.0,269.0,245.66666666666666,264.0,247.0,283.66666666666663
205.33333333333331,214.33333333333331,239.0,198.0,214.33333333333331,220.66666666666666,253.0,219.5,269.0,245.33333333333334,263.66666666666663,247.0,283.33333333333337
204.66666666666669,214.0,239.33333333333334,198.33333333333331,216.0,220.33333333333334,253.0,220.0,269.66666666666663,245.0,263.33333333333337,247.0,283.0
204.0,214.66666666666669,239.66666666666666,198.66666666666669,228.66666666666666,220.0,253.0,219.5,270.33333333333337,245.33333333333334,263.0,246.66666666666666,283.66666666666663
203.0,215.33333333333331,240.0,199.0,241.33333333333334,219.66666666666669,253.66666666666666,219.0,271.0,245.66666666666666,263.0,246.33333333333334,284.33333333333337
202.66666666666669,216.0,240.0,199.33333333333331,254.0,219.33333333333331,254.33333333333334,218.33333333333331,271.0,246.0,263.33333333333337,246.0,285.0
202.33333333333331,216.0,240.0,199.66666666666669,257.33333333333337,219.0,255.0,217.66666666666669,271.0,245.66666666666666,263.66666666666663,246.33333333333334,285.0
202.0,216.0,240.0,200.0,260.66666666666663,219.33333333333331,254.5,217.0,271.0,245.33333333333334,264.0,246.66666666666666,285.0
204.0,216.0,239.66666666666666,199.66666666666669,264.0,219.66666666666669,254.0,217.66666666666669,270.33333333333337,245.0,264.0,247.0,285.0
204.33333333333331,215.66666666666669,239.33333333333334,199.33333333333331,250.0,220.0,253.5,218.33333333333331,269.66666666666663,245.33333333333334,264.0,247.0,284.66666666666663
204.66666666666669,215.33333333333331,239.0,199.0,235.0,220.33333333333334,253.0,219.0,269.0,245.66666666666666,264.0,246.66666666666666,284.33333333333337
205.0,215.0,239.0,198.66666666666669,220.0,220.66666666666666,253.33333333333334,219.0,269.0,246.0,264.0,246.33333333333334,284.0
205.0,215.0,239.0,198.33333333333331,205.0,221.0,253.66666666666666,219.0,269.0,246.0,263.66666666666663,246.0,283.5
205.0,215.0,239.0,198.0,206.66666666666669,221.0,254.0,219.0,269.0,246.0,263.33333333333337,246.0,283.0
205.0,215.0,238.66666666666666,198.0,208.33333333333331,221.0,253.5,219.33333333333331,269.0,246.0,263.0,246.0,283.0
205.33333333333331,214.66666666666669,238.33333333333334,198.0,210.0,221.0,253.0,219.66666666666669,269.0,245.66666666666666,263.0,246.0,283.0
205.66666666666669,214.33333333333331,238.0,198.0,214.0,221.0,253.0,220.0,269.33333333333337,245.33333333333334,263.0,245.66666666666666,283.0
206.0,214.0,238.33333333333334,198.0,215.0,221.0,253.0,220.0,269.66666666666663,245.0,263.0,245.33333333333334,283.0
205.33333333333331,214.0,238.66666666666666,198.0,216.0,220.66666666666666,253.0,219.66666666666669,270.0,245.5,263.33333333333337,245.0,283.0
204.66666666666669,214.0,239.0,198.33333333333331,217.0,220.33333333333334,253.66666666666666,219.33333333333331,270.0,246.0,263.66666666666663,245.33333333333334,283.0
204.0,214.0,239.0,198.66666666666669,216.33333333333331,220.0,254.33333333333334,219.0,270.0,246.0,264.0,245.66666666666666,283.0
204.0,214.0,238.66666666666666,199.0,215.66666666666669,220.0,255.0,218.66666666666669,270.0,246.0,263.66666666666663,246.0,283.0
204.0,214.0,238.33333333333334,198.66666666666669,215.0,220.33333333333334,254.5,218.33333333333331,270.0,246.0,263.33333333333337,246.0,282.66666666666663
204.0,214.0,238.0,198.33333333333331,215.5,220.66666666666666,254.0,218.0,270.0,245.66666666666666,263.0,246.0,282.33333333333337
204.0,214.0,237.66666666666666,198.0,216.0,221.0,253.66666666666666,218.0,270.0,245.33333333333334,262.66666666666663,245.66666666666666,282.0
204.0,214.0,237.33333333333334,198.0,216.33333333333331,220.66666666666666,253.33333333333334,218.33333333333331,270.0,245.0,262.33333333333337,245.33333333333334,282.33333333333337
204.33333333333331,214.0,237.0,198.0,216.66666666666669,220.33333333333334,253.0,218.66666666666669,269.66666666666663,245.33333333333334,262.0,245.0,282.66666666666663
204.66666666666669,213.66666666666669,237.0,198.0,217.0,220.0,253.33333333333334,219.0,269.33333333333337,245.66666666666666,262.0,244.66666666666666,283.0
205.0,213.33333333333331,237.0,198.0,217.0,220.0,253.66666666666666,219.0,269.0,246.0,262.0,244.33333333333334,282.66666666666663
204.33333333333331,213.0,237.0,198.0,217.0,220.33333333333334,254.0,218.66666666666669,269.33333333333337,246.0,262.0,244.0,282.33333333333337
203.66666666666669,213.0,237.0,198.0,217.0,220.66666666666666,254.33333333333334,218.33333333333331,269.66666666666663,246.0,262.33333333333337,244.0,282.0
203.0,213.0,237.0,198.33333333333331,217.0,221.0,254.66666666666666,218.0,270.0,246.0,262.66666666666663,244.0,281.66666666666663
203.0,213.0,237.0,198.66666666666669,217.0,221.0,255.0,217.5,270.0,246.0,263.0,244.0,281.33333333333337
203.0,213.0,237.0,199.0,217.0,221.0,254.33333333333334,217.0,270.0,246.0,263.0,244.0,281.0
203.0,213.0,237.0,198.66666666666669,217.0,221.0,253.66666666666666,217.66666666666669,270.0,245.5,262.66666666666663,244.0,281.0
204.5,213.0,237.0,198.33333333333331,217.0,221.0,253.0,218.33333333333331,269.5,245.0,262.33333333333337,244.0,281.0
206.0,213.0,236.5,198.0,217.0,221.0,252.0,219.0,269.0,245.0,262.0,244.0,281.0
206.0,213.0,236.0,197.66666666666669,217.0,220.66666666666666,252.0,219.66666666666669,269.0,245.0,262.0,244.0,281.0
206.0,212.33333333333331,235.33333333333334,197.33333333333331,217.0,220.33333333333334,252.0,220.33333333333331,269.0,245.0,262.0,244.0,280.66666666666663
206.0,211.66666666666669,234.66666666666666,197.0,217.33333333333331,220.0,252.0,221.0,269.0,245.33333333333334,262.33333333333337,244.0,280.33333333333337
204.66666666666669,211.0,234.0,197.0,217.66666666666669,220.0,253.0,220.0,269.66666666666663,245.66666666666666,262.66666666666663,244.0,280.0
203.33333333333331,211.66666666666669,235.0,197.33333333333331,218.0,220.0,254.0,219.0,270.33333333333337,246.0,263.0,244.0,280.33333333333337
202.0,212.33333333333331,235.66666666666666,197.66666666666669,218.0,220.0,254.33333333333334,218.33333333333331,271.0,246.33333333333334,262.66666666666663,244.0,280.66666666666663
202.66666666666669,213.0,236.33333333333334,198.0,218.0,220.0,254.66666666666666,217.66666666666669,270.33333333333337,246.66666666666666,262.33333333333337,244.0,281.0
203.33333333333331,213.33333333333331,237.0,198.33333333333331,218.0,220.0,255.0,217.0,269.66666666666663,247.0,262.0,244.0,281.33333333333337
204.0,213.66666666666669,237.5,198.66666666666669,218.33333333333331,220.0,255.0,217.33333333333331,269.0,247.5,261.66666666666663,244.0,281.66666666666663
205.0,214.0,238.0,199.0,218.66666666666669,221.0,255.0,217.66666666666669,268.0,248.0,261.33333333333337,244.0,282.0
206.0,214.33333333333331,238.33333333333334,199.0,219.0,222.0,255.33333333333334,218.0,267.0,248.5,261.0,243.66666666666666,282.33333333333337
206.0,214.66666666666669,238.66666666666666,199.0,219.66666666666666,223.0,255.66666666666666,218.33333333333331,267.0,249.0,260.66666666666663,243.33333333333334,282.66666666666663
206.0,215.0,239.0,199.0,220.33333333333334,223.66666666666666,256.0,218.66666666666669,267.0,249.5,260.33333333333337,243.0,283.0
206.0,215.33333333333331,239.33333333333334,199.33333333333331,221.0,224.33333333333334,256.5,219.0,267.0,250.0,260.0,242.66666666666666,283.0
206.33333333333331,215.66666666666669,239.66666666666666,199.66666666666669,220.5,225.0,257.0,218.66666666666669,266.66666666666663,250.66666666666666,259.33333333333337,242.33333333333334,283.33333333333337
206.66666666666669,216.0,240.0,200.0,220.0,225.5,257.5,218.33333333333331,266.33333333333337,251.33333333333334,258.66666666666663,242.0,283.66666666666663
207.0,216.33333333333331,240.33333333333334,200.5,219.66666666666666,226.0,258.0,218.0,266.0,252.0,258.0,241.66666666666666,284.0
208.0,216.66666666666669,240.66666666666666,201.0,219.33333333333334,227.33333333333334,258.5,218.0,264.5,252.66666666666666,257.33333333333337,241.33333333333334,283.66666666666663
209.0,217.0,241.0,201.33333333333331,219.0,228.66666666666666,259.0,218.0,263.0,253.33333333333334,256.66666666666663,241.0,283.33333333333337
210.0,217.33333333333331,240.66666666666666,201.66666666666669,220.0,230.0,259.0,218.33333333333331,262.33333333333337,254.0,256.0,241.0,283.0
210.33333333333331,217.66666666666669,240.33333333333334,202.0,221.0,231.0,259.0,218.66666666666669,261.66666666666663,253.33333333333334,255.0,241.0,282.33333333333337
210.66666666666669,218.0,240.0,202.0,222.0,231.0,259.0,219.0,261.0,252.66666666666666,254.0,241.0,281.66666666666663
211.0,217.66666666666669,239.66666666666666,202.0,223.0,231.0,258.0,219.33333333333331,261.0,252.0,253.0,241.0,281.0
211.33333333333331,217.33333333333331,239.33333333333334,202.0,224.0,231.0,257.66666666666663,219.66666666666669,261.0,252.33333333333334,253.0,241.0,280.0
211.66666666666669,217.0,239.0,202.0,224.66666666666666,230.66666666666666,257.33333333333337,220.0,261.0,252.66666666666666,253.0,241.33333333333334,279.0
212.0,217.0,239.0,202.0,225.33333333333334,230.33333333333334,257.0,220.33333333333331,261.0,253.0,253.0,241.66666666666666,278.0
212.0,217.0,239.0,202.0,226.0,230.0,257.0,220.66666666666669,261.0,252.0,254.0,242.0,278.0
211.66666666666669,217.0,238.66666666666666,202.0,227.33333333333334,229.66666666666666,256.33333333333337,221.0,261.66666666666663,251.0,255.0,242.33333333333334,278.33333333333337
211.33333333333331,217.0,238.33333333333334,202.0,228.66666666666666,229.33333333333334,255.66666666666666,221.0,262.33333333333337,250.0,256.0,242.66666666666666,278.66666666666663
211.0,217.0,238.0,201.33333333333331,230.0,229.0,255.0,221.0,263.0,249.0,257.5,243.0,279.0
209.5,216.33333333333331,237.66666666666666,200.66666666666669,231.33333333333334,227.0,254.66666666666666,221.0,264.5,248.33333333333334,259.0,243.0,279.33333333333337
208.0,215.66666666666669,237.33333333333334,200.0,232.66666666666666,225.0,254.33333333333334,221.0,266.0,247.66666666666666,260.33333333333337,243.0,279.66666666666663
206.33333333333331,215.0,237.0,199.33333333333331,234.0,223.66666666666666,254.0,220.0,267.33333333333337,247.0,261.66666666666663,243.0,280.0
204.66666666666669,214.33333333333331,236.66666666666666,198.66666666666669,235.5,222.33333333333334,254.66666666666666,219.0,268.66666666666663,246.66666666666666,263.0,243.0,280.33333333333337
203.0,213.66666666666669,236.33333333333334,198.0,237.0,221.0,255.33333333333334,218.0,270.0,246.33333333333334,264.0,243.33333333333334,280.66666666666663
202.33333333333331,213.0,236.0,197.66666666666669,237.5,220.0,256.0,217.33333333333331,271.0,246.0,264.0,243.66666666666666,281.0
201.66666666666669,212.33333333333331,235.66666666666666,197.33333333333331,238.0,219.33333333333331,255.33333333333334,216.66666666666669,272.0,245.0,264.0,244.0,280.66666666666663
201.0,211.66666666666669,235.33333333333334,197.0,238.5,218.66666666666669,254.66666666666666,216.0,272.33333333333337,244.0,264.0,244.0,280.33333333333337
201.5,211.0,235.0,196.66666666666669,239.0,218.0,254.0,217.0,272.66666666666663,243.0,264.0,244.0,280.0
202.0,211.0,235.0,196.33333333333331,239.5,217.33333333333331,253.0,218.0,273.0,242.5,264.33333333333337,244.0,280.0
202.33333333333331,211.0,235.0,196.0,240.0,216.66666666666669,252.0,219.0,273.0,242.0,264.66666666666663,244.0,280.0
202.66666666666669,211.0,235.0,196.0,239.33333333333334,216.0,251.0,219.33333333333331,273.0,241.66666666666666,265.0,244.0,280.0
203.0,211.0,235.0,196.0,238.66666666666666,215.66666666666669,250.66666666666666,219.66666666666669,273.0,241.33333333333334,265.33333333333337,244.0,280.0
203.33333333333331,211.0,235.0,196.0,238.0,215.33333333333331,250.33333333333334,220.0,273.0,241.0,265.66666666666663,244.33333333333334,280.0
203.66666666666669,210.66666666666669,234.66666666666666,196.0,237.5,215.0,250.0,220.33333333333331,273.0,240.66666666666666,266.0,244.66666666666666,280.0
204.0,210.33333333333331,234.33333333333334,195.33333333333331,237.0,215.0,249.0,220.66666666666669,273.0,240.33333333333334,266.0,245.0,279.33333333333337
203.33333333333331,210.0,234.0,194.66666666666669,236.0,215.0,249.66666666666666,221.0,273.33333333333337,240.0,267.0,245.0,278.66666666666663
202.66666666666669,209.5,233.0,194.0,235.0,215.0,250.33333333333334,220.33333333333331,273.66666666666663,241.33333333333334,268.0,245.0,278.0
202.0,209.0,232.0,192.33333333333331,234.33333333333334,214.66666666666669,251.0,219.66666666666669,274.0,242.66666666666666,269.0,245.0,279.66666666666663
197.0,207.66666666666669,232.0,190.66666666666669,233.66666666666666,214.33333333333331,254.66666666666666,219.0,277.0,244.0,273.33333333333337,245.0,281.33333333333337
192.0,206.33333333333331,232.0,189.0,233.0,214.0,258.33333333333337,214.66666666666669,280.0,245.0,277.66666666666663,245.0,283.0
187.0,205.0,232.0,187.0,232.0,212.5,262.0,210.33333333333331,283.0,244.33333333333334,282.0,245.0,291.33333333333337
188.0,205.66666666666669,239.33333333333334,189.33333333333331,231.0,211.0,261.0,206.0,282.33333333333337,243.66666666666666,281.33333333333337,250.33333333333334,299.66666666666663
189.0,206.33333333333331,246.66666666666666,191.66666666666669,230.0,211.33333333333331,260.0,207.0,281.66666666666663,243.0,280.66666666666663,255.66666666666666,308.0
190.0,207.0,254.0,194.0,229.0,211.66666666666669,259.0,208.0,281.0,242.0,280.0,261.0,320.0
209.33333333333331,221.33333333333334,272.66666666666663,213.66666666666669,228.0,212.0,248.66666666666666,209.0,266.66666666666663,243.33333333333334,266.33333333333337,274.0,321.33333333333337
228.66666666666666,235.66666666666666,291.33333333333337,233.33333333333334,227.0,221.0,238.33333333333334,224.0,252.33333333333334,244.66666666666666,252.66666666666666,287.0,322.66666666666663
248.0,250.0,310.0,253.0,226.0,230.0,228.0,239.0,238.0,246.0,239.0,287.33333333333337,324.0
271.0,273.0,306.0,274.0,225.0,239.0,226.0,254.0,220.0,251.0,223.0,287.66666666666663,300.33333333333337
275.33333333333337,278.66666666666663,302.0,273.33333333333337,224.0,253.0,224.0,268.0,215.0,250.66666666666666,207.0,288.0,276.66666666666663
279.66666666666663,284.33333333333337,298.0,272.66666666666663,223.33333333333334,267.0,222.0,269.66666666666663,210.0,250.33333333333334,206.0,260.33333333333337,253.0
284.0,290.0,260.0,272.0,222.66666666666666,264.33333333333337,222.0,271.33333333333337,205.0,250.0,205.0,232.66666666666666,217.5
270.33333333333337,267.0,222.0,250.0,222.0,261.66666666666663,222.0,273.0,219.0,239.5,204.0,205.0,182.0
256.66666666666663,240.33333333333334,184.0,232.33333333333334,221.66666666666666,259.0,222.0,267.33333333333337,233.0,229.0,215.0,199.0,176.66666666666669
243.0,213.66666666666669,177.33333333333331,214.66666666666669,221.33333333333334,243.0,218.0,261.66666666666663,244.66666666666666,227.0,226.0,193.0,171.33333333333331
234.33333333333334,187.0,170.66666666666669,197.0,221.0,227.0,220.0,256.0,256.33333333333337,225.0,237.0,187.0,166.0
225.66666666666666,186.0,164.0,195.33333333333331,220.33333333333334,211.0,222.0,250.33333333333334,268.0,223.0,244.66666666666666,199.5,189.5
217.0,185.0,180.5,193.66666666666669,219.66666666666666,210.0,224.0,244.66666666666666,269.0,228.5,252.33333333333334,212.0,213.0
213.66666666666669,184.0,197.0,192.0,219.0,209.0,233.0,239.0,270.0,234.0,260.0,220.33333333333331,231.33333333333334
210.33333333333331,192.0,207.66666666666669,193.33333333333331,219.5,208.0,238.66666666666666,234.0,271.0,237.33333333333334,262.0,228.66666666666666,249.66666666666666
207.0,200.0,218.33333333333331,194.66666666666669,220.0,211.5,244.33333333333334,229.66666666666666,271.33333333333337,240.66666666666666,264.0,237.0,268.0
205.0,203.0,229.0,196.0,220.33333333333334,215.0,250.0,225.33333333333334,271.66666666666663,244.0,266.0,239.66666666666666,272.33333333333337
203.0,206.0,230.66666666666666,196.0,220.66666666666666,216.0,251.66666666666666,221.0,272.0,244.5,267.0,242.33333333333334,276.66666666666663
201.5,209.0,232.33333333333334,196.0,221.0,217.0,253.33333333333334,219.33333333333331,272.5,245.0,268.0,245.0,281.0
200.0,210.0,234.0,196.0,221.0,218.0,255.0,217.66666666666669,273.0,244.66666666666666,268.33333333333337,245.33333333333334,281.33333333333337
199.66666666666669,210.33333333333331,234.33333333333334,196.0,221.0,217.66666666666669,255.0,216.0,273.5,244.33333333333334,268.66666666666663,245.66666666666666,281.66666666666663
199.33333333333331,210.66666666666669,234.66666666666666,196.0,221.0,217.33333333333331,255.0,216.0,274.0,244.0,269.0,246.0,282.0
199.0,211.0,235.0,195.66666666666669,221.0,217.0,255.0,216.0,274.5,244.0,268.66666666666663,246.33333333333334,282.33333333333337
199.33333333333331,211.0,235.0,195.33333333333331,221.33333333333334,216.33333333333331,254.66666666666666,216.0,275.0,244.0,268.33333333333337,246.66666666666666,282.66666666666663
199.66666666666669,211.0,235.0,195.0,221.66666666666666,215.66666666666669,254.33333333333334,216.0,274.66666666666663,244.0,268.0,247.0,283.0
200.0,211.0,235.33333333333334,195.0,222.0,215.0,254.0,216.0,274.33333333333337,244.0,268.33333333333337,247.0,283.66666666666663
200.33333333333331,211.33333333333331,235.66666666666666,195.0,221.0,215.5,254.0,216.0,274.0,244.0,268.66666666666663,247.0,284.33333333333337
200.66666666666669,211.66666666666669,236.0,195.0,220.0,216.0,254.0,216.0,273.66666666666663,244.0,269.0,247.33333333333334,285.0
201.0,212.0,236.33333333333334,195.0,219.0,216.33333333333331,253.66666666666666,216.33333333333331,273.33333333333337,244.0,269.33333333333337,247.66666666666666,285.33333333333337
201.0,212.5,236.66666666666666,195.0,218.0,216.66666666666669,253.33333333333334,216.66666666666669,273.0,244.0,269.66666666666663,248.0,285.66666666666663
201.0,213.0,237.0,195.0,218.0,217.0,253.0,217.0,273.33333333333337,243.66666666666666,270.0,248.0,286.0
201.0,212.5,236.66666666666666,195.0,218.0,216.66666666666669,252.66666666666666,217.33333333333331,273.66666666666663,243.33333333333334,270.0,248.0,285.66666666666663
201.0,212.0,236.33333333333334,195.0,218.0,216.33333333333331,252.33333333333334,217.66666666666669,274.0,243.0,270.0,248.0,285.33333333333337
201.0,211.5,236.0,195.33333333333331,218.66666666666669,216.0,252.0,218.0,274.0,243.0,270.0,248.0,285.0
201.0,211.0,236.33333333333334,195.66666666666669,219.33333333333334,216.0,252.0,217.66666666666669,274.0,243.33333333333334,270.0,248.0,285.33333333333337
201.0,211.5,236.66666666666666,196.0,220.0,216.0,252.33333333333334,217.33333333333331,273.66666666666663,243.66666666666666,270.0,248.0,285.66666666666663
201.0,212.0,237.0,196.0,220.0,216.33333333333331,252.66666666666666,217.0,273.33333333333337,244.0,270.0,248.0,286.0
201.0,212.33333333333331,237.5,196.0,220.0,216.66666666666669,253.0,217.33333333333331,273.0,244.0,270.0,248.0,286.33333333333337
201.66666666666669,212.66666666666669,238.0,196.0,220.0,217.0,253.0,217.66666666666669,272.33333333333337,244.33333333333334,270.0,248.0,286.66666666666663
202.33333333333331,213.0,238.33333333333334,196.0,220.33333333333334,217.5,253.33333333333334,218.0,271.66666666666663,244.66666666666666,270.0,248.33333333333334,287.0
203.0,213.33333333333331,238.66666666666666,196.0,220.66666666666666,218.0,253.66666666666666,217.66666666666669,271.0,245.0,270.0,248.66666666666666,287.33333333333337
202.33333333333331,213.66666666666669,239.0,196.33333333333331,221.0,218.5,254.0,217.33333333333331,271.66666666666663,245.0,270.0,249.0,287.66666666666663
201.66666666666669,214.0,239.33333333333334,196.66666666666669,221.0,219.0,254.33333333333334,217.0,272.33333333333337,245.0,270.0,249.33333333333334,288.0
201.0,214.0,239.66666666666666,197.0,221.0,218.66666666666669,254.66666666666666,216.5,273.0,245.0,270.0,249.66666666666666,288.33333333333337
201.0,214.33333333333331,240.0,197.33333333333331,221.0,218.33333333333331,255.0,216.0,272.66666666666663,245.0,270.0,250.0,288.66666666666663
201.66666666666669,214.66666666666669,240.33333333333334,197.66666666666669,221.0,218.0,254.66666666666666,216.5,272.33333333333337,245.0,270.0,250.5,289.0
202.33333333333331,215.0,240.66666666666666,198.0,221.0,218.33333333333331,254.33333333333334,217.0,272.0,245.0,270.0,251.0,289.5
203.0,215.33333333333331,241.0,198.5,221.0,218.66666666666669,254.0,217.5,271.66666666666663,245.33333333333334,270.0,251.33333333333334,290.0
203.33333333333331,215.66666666666669,241.66666666666666,199.0,221.0,219.0,254.33333333333334,218.0,271.33333333333337,245.66666666666666,269.66666666666663,251.66666666666666,290.33333333333337
203.66666666666669,216.0,242.33333333333334,199.66666666666669,221.0,219.33333333333331,254.66666666666666,217.66666666666669,271.0,246.0,269.33333333333337,252.0,290.66666666666663
204.0,216.33333333333331,243.0,200.33333333333331,221.0,219.66666666666669,255.0,217.33333333333331,270.5,246.0,269.0,252.66666666666666,291.0
204.33333333333331,216.66666666666669,243.66666666666666,201.0,221.0,220.0,254.66666666666666,217.0,270.0,246.0,268.5,253.33333333333334,291.33333333333337
204.66666666666669,217.0,244.33333333333334,201.33333333333331,221.0,220.33333333333334,254.33333333333334,217.66666666666669,269.5,246.0,268.0,254.0,291.66666666666663
205.0,217.33333333333331,245.0,201.66666666666669,221.0,220.66666666666666,254.0,218.33333333333331,269.0,245.0,267.66666666666663,254.66666666666666,292.0
206.0,217.66666666666669,245.66666666666666,202.0,221.33333333333334,221.0,252.0,219.0,268.66666666666663,245.33333333333334,267.33333333333337,255.33333333333334,292.66666666666663
206.33333333333331,218.0,246.33333333333334,202.66666666666669,221.66666666666666,221.0,252.33333333333334,219.66666666666669,268.33333333333337,245.66666666666666,267.0,256.0,293.33333333333337
206.66666666666669,218.66666666666669,247.0,203.33333333333331,222.0,221.33333333333334,252.66666666666666,220.33333333333331,268.0,246.0,267.0,257.0,294.0
207.0,219.33333333333331,248.0,204.0,221.66666666666666,221.66666666666666,253.0,221.0,267.33333333333337,247.0,267.0,258.0,295.0
207.66666666666669,220.0,249.0,205.0,221.33333333333334,222.0,253.5,220.66666666666669,266.66666666666663,248.0,267.0,259.0,296.0
208.33333333333331,221.33333333333334,250.0,206.0,221.0,223.33333333333334,254.0,220.33333333333331,266.0,248.66666666666666,267.0,260.0,297.0
209.0,222.66666666666666,251.33333333333334,207.0,220.66666666666666,224.66666666666666,254.33333333333334,220.0,264.66666666666663,249.33333333333334,267.0,261.0,298.0
210.0,224.0,252.66666666666666,208.0,220.33333333333334,226.0,254.66666666666666,220.66666666666669,263.33333333333337,250.0,266.0,262.0,299.0
211.0,225.33333333333334,254.0,209.33333333333331,220.0,227.0,255.0,221.33333333333331,262.0,250.33333333333334,265.33333333333337,263.0,300.0
212.33333333333331,226.66666666666666,255.33333333333334,210.66666666666669,219.66666666666666,228.0,255.0,222.0,261.0,250.66666666666666,264.66666666666663,264.0,301.0
213.66666666666669,228.0,256.66666666666663,212.0,219.33333333333334,229.0,254.0,222.66666666666666,260.0,251.0,264.0,265.0,301.33333333333337
215.0,229.33333333333334,258.0,213.33333333333331,219.0,229.66666666666666,253.0,223.33333333333334,259.0,250.66666666666666,263.5,266.0,301.66666666666663
216.5,230.66666666666666,259.33333333333337,214.66666666666669,218.66666666666669,230.33333333333334,252.0,224.0,258.0,250.33333333333334,263.0,267.0,302.0
218.0,232.0,260.66666666666663,216.0,218.33333333333331,231.0,251.0,225.5,257.0,250.0,262.33333333333337,268.0,302.33333333333337
219.0,233.5,262.0,217.33333333333331,218.0,231.5,251.0,227.0,256.0,251.0,261.66666666666663,269.0,302.66666666666663
220.0,235.0,263.33333333333337,218.66666666666669,218.5,232.0,251.0,227.33333333333334,255.33333333333334,252.0,261.0,269.66666666666663,303.0
221.0,236.66666666666666,264.66666666666663,220.0,219.0,233.0,251.0,227.66666666666666,254.66666666666666,253.0,260.33333333333337,270.33333333333337,303.33333333333337
221.0,238.33333333333334,266.0,222.0,219.5,234.0,252.5,228.0,254.0,254.0,259.66666666666663,271.0,303.66666666666663
221.66666666666666,240.0,266.66666666666663,224.0,220.0,235.33333333333334,254.0,228.0,253.0,255.0,259.0,271.0,304.0
222.33333333333334,241.0,267.33333333333337,225.0,220.5,236.66666666666666,253.33333333333334,228.33333333333334,252.0,254.33333333333334,258.0,271.0,304.0
223.0,242.0,268.0,226.0,221.0,238.0,252.66666666666666,228.66666666666666,251.0,253.66666666666666,257.0,271.0,303.0
224.5,243.0,267.33333333333337,227.0,221.66666666666666,238.33333333333334,252.0,229.0,250.33333333333334,253.0,256.33333333333337,270.0,302.0
226.0,244.0,266.66666666666663,226.33333333333334,222.33333333333334,238.66666666666666,251.0,230.5,249.66666666666666,252.66666666666666,255.66666666666666,268.66666666666663,301.0
226.0,243.33333333333334,266.0,225.66666666666666,223.0,239.0,250.66666666666666,232.0,249.0,252.33333333333334,255.0,267.33333333333337,300.0
226.0,242.66666666666666,265.33333333333337,225.0,224.0,239.0,250.33333333333334,232.0,249.33333333333334,252.0,255.33333333333334,266.0,299.0
226.0,242.0,264.66666666666663,224.0,224.66666666666666,238.66666666666666,250.0,232.0,249.66666666666666,252.33333333333334,255.66666666666666,264.66666666666663,298.33333333333337
224.66666666666666,241.0,264.0,223.0,225.33333333333334,238.33333333333334,250.66666666666666,232.0,250.0,252.66666666666666,256.0,263.33333333333337,297.66666666666663
223.33333333333334,240.0,263.0,222.0,226.0,238.0,251.33333333333334,230.66666666666666,251.33333333333334,253.0,256.5,262.0,297.0
222.0,239.0,261.66666666666663,220.66666666666666,226.66666666666666,237.0,252.0,229.33333333333334,252.66666666666666,253.0,257.0,260.66666666666663,296.0
220.33333333333334,237.33333333333334,260.33333333333337,219.33333333333334,227.33333333333334,236.0,252.5,228.0,254.0,252.33333333333334,257.5,259.33333333333337,295.0
218.66666666666669,235.66666666666666,259.0,218.0,228.0,235.0,253.0,227.0,255.33333333333334,251.66666666666666,258.0,258.0,294.0
217.0,234.0,256.66666666666663,215.66666666666669,229.0,234.0,253.0,226.0,256.66666666666663,251.0,258.5,256.66666666666663,293.0
216.33333333333331,231.66666666666666,254.33333333333334,213.33333333333331,230.0,232.66666666666666,253.0,225.0,258.0,250.0,259.0,255.33333333333334,292.0
215.66666666666669,229.33333333333334,252.0,211.0,231.0,231.33333333333334,253.0,224.66666666666666,259.0,249.0,259.33333333333337,254.0,291.0
215.0,227.0,250.0,209.0,232.0,230.0,252.5,224.33333333333334,260.0,248.0,259.66666666666663,253.0,290.33333333333337
214.0,225.33333333333334,248.0,207.0,232.33333333333334,229.0,252.0,224.0,261.0,247.66666666666666,260.0,252.0,289.66666666666663
213.0,223.66666666666666,247.0,205.0,232.66666666666666,228.0,252.0,224.0,262.0,247.33333333333334,260.66666666666663,251.0,289.0
212.0,222.0,246.0,204.33333333333331,233.0,227.0,252.0,224.0,263.0,247.0,261.33333333333337,250.0,288.5
210.0,221.66666666666666,245.0,203.66666666666669,233.0,226.0,252.0,224.0,264.33333333333337,247.0,262.0,249.33333333333334,288.0
209.0,221.33333333333334,244.33333333333334,203.0,232.66666666666666,225.0,253.0,222.5,265.66666666666663,247.0,262.33333333333337,248.66666666666666,287.33333333333337
208.0,221.0,243.66666666666666,202.33333333333331,232.33333333333334,224.0,253.0,221.0,267.0,247.0,262.66666666666663,248.0,286.66666666666663
207.0,220.0,243.0,201.66666666666669,232.0,223.5,253.0,220.66666666666669,267.33333333333337,246.5,263.0,247.66666666666666,286.0
207.0,219.0,242.0,201.0,229.66666666666666,223.0,253.0,220.33333333333331,267.66666666666663,246.0,262.66666666666663,247.33333333333334,285.33333333333337
206.66666666666669,218.0,241.0,200.33333333333331,227.33333333333334,222.66666666666666,253.0,220.0,268.0,246.33333333333334,262.33333333333337,247.0,284.66666666666663
206.33333333333331,216.0,240.0,199.66666666666669,225.0,222.33333333333334,253.0,219.66666666666669,268.33333333333337,246.66666666666666,262.0,247.0,284.0
206.0,215.33333333333331,239.66666666666666,199.0,223.0,222.0,253.0,219.33333333333331,268.66666666666663,247.0,262.0,247.0,283.66666666666663
205.33333333333331,214.66666666666669,239.33333333333334,199.0,221.33333333333334,222.0,254.0,219.0,269.0,247.0,262.33333333333337,247.0,283.33333333333337
204.66666666666669,214.0,239.0,199.0,219.66666666666666,222.0,254.33333333333334,218.66666666666669,269.0,247.0,262.66666666666663,247.0,283.0
204.0,214.0,239.0,199.0,218.0,222.0,254.66666666666666,218.33333333333331,269.0,247.0,263.0,246.66666666666666,283.0
204.33333333333331,214.0,239.0,199.0,217.66666666666669,222.0,255.0,218.0,269.0,246.5,263.0,246.33333333333334,283.0
204.66666666666669,214.0,238.66666666666666,198.66666666666669,217.33333333333331,221.66666666666666,254.0,218.5,269.33333333333337,246.0,263.0,246.0,283.0
205.0,213.5,238.33333333333334,198.33333333333331,217.0,221.33333333333334,253.0,219.0,269.66666666666663,245.5,263.0,245.66666666666666,283.0
205.5,213.0,238.0,198.0,217.0,221.0,252.0,219.5,270.0,245.0,263.0,245.33333333333334,283.0
206.0,212.5,238.33333333333334,198.0,216.66666666666669,220.66666666666666,251.66666666666666,220.0,269.66666666666663,244.5,263.0,245.0,283.0
206.5,212.0,238.66666666666666,198.0,216.33333333333331,220.33333333333334,251.33333333333334,220.33333333333331,269.33333333333337,244.0,263.0,245.33333333333334,283.0
207.0,212.33333333333331,239.0,198.0,216.0,220.0,251.0,220.66666666666669,269.0,244.5,263.33333333333337,245.66666666666666,283.0
206.33333333333331,212.66666666666669,239.0,198.33333333333331,215.66666666666669,220.0,251.66666666666666,221.0,269.0,245.0,263.66666666666663,246.0,283.0
205.66666666666669,213.0,239.0,198.66666666666669,215.33333333333331,220.0,252.33333333333334,220.33333333333331,269.0,245.5,264.0,246.33333333333334,283.0
205.0,213.33333333333331,239.0,199.0,215.0,220.33333333333334,253.0,219.66666666666669,269.0,246.0,,246.66666666666666,283.0
,213.66666666666669,,,215.0,220.66666666666666,,219.0,,,,247.0,
,214.0,,,215.0,221.0,,218.0,,,,,
,,,,214.33333333333331,,,,,,,,
,,,,213.66666666666669,,,,,,,,
,,,,213.0,,,,,,,,
,,,,211.0,,,,,,,,
,,,,209.0,,,,,,,,
,,,,210.0,,,,,,,,
,,,,211.0,,,,,,,,
,,,,212.0,,,,,,,,
,,,,222.0,,,,,,,,
,,,,232.0,,,,,,,,
,,,,242.0,,,,,,,,
,,,,257.0,,,,,,,,
,,,,260.33333333333337,,,,,,,,
,,,,263.66666666666663,,,,,,,,
,,,,267.0,,,,,,,,
,,,,252.0,,,,,,,,
,,,,236.0,,,,,,,,
,,,,220.0,,,,,,,,
,,,,204.0,,,,,,,,
,,,,204.66666666666669,,,,,,,,
,,,,205.33333333333331,,,,,,,,
,,,,206.0,,,,,,,,
,,,,210.5,,,,,,,,
,,,,215.0,,,,,,,,
,,,,215.33333333333331,,,,,,,,
,,,,215.66666666666669,,,,,,,,
,,,,216.0,,,,,,,,
,,,,215.33333333333331,,,,,,,,
,,,,214.66666666666669,,,,,,,,
,,,,214.0,,,,,,,,
,,,,213.0,,,,,,,,
,,,,213.0,,,,,,,,
,,,,213.0,,,,,,,,
,,,,213.0,,,,,,,,
,,,,213.66666666666669,,,,,,,,
,,,,214.33333333333331,,,,,,,,
,,,,215.0,,,,,,,,
,,,,215.33333333333331,,,,,,,,
,,,,215.66666666666669,,,,,,,,
,,,,216.0,,,,,,,,
,,,,215.66666666666669,,,,,,,,
,,,,215.33333333333331,,,,,,,,
,,,,215.0,,,,,,,,
,,,,215.0,,,,,,,,
,,,,215.0,,,,,,,,
,,,,215.33333333333331,,,,,,,,
,,,,215.66666666666669,,,,,,,,
,,,,216.0,,,,,,,,
,,,,216.33333333333331,,,,,,,,
,,,,216.66666666666669,,,,,,,,
,,,,217.0,,,,,,,,
,,,,217.33333333333331,,,,,,,,
,,,,217.66666666666669,,,,,,,,
,,,,218.0,,,,,,,,
,,,,218.0,,,,,,,,
,,,,218.0,,,,,,,,
,,,,218.0,,,,,,,,
,,,,218.66666666666669,,,,,,,,
,,,,219.33333333333334,,,,,,,,
,,,,220.0,,,,,,,,
,,,,220.66666666666666,,,,,,,,
,,,,221.33333333333334,,,,,,,,
,,,,222.0,,,,,,,,
,,,,222.0,,,,,,,,
,,,,222.0,,,,,,,,
,,,,222.0,,,,,,,,
,,,,222.33333333333334,,,,,,,,
,,,,222.66666666666666,,,,,,,,
,,,,223.0,,,,,,,,
,,,,224.5,,,,,,,,
,,,,226.0,,,,,,,,
,,,,227.66666666666666,,,,,,,,
,,,,229.33333333333334,,,,,,,,
,,,,231.0,,,,,,,,
,,,,231.66666666666666,,,,,,,,
,,,,232.33333333333334,,,,,,,,
,,,,233.0,,,,,,,,
,,,,233.66666666666666,,,,,,,,
,,,,234.33333333333334,,,,,,,,
,,,,235.0,,,,,,,,
,,,,236.0,,,,,,,,
,,,,237.0,,,,,,,,
,,,,238.0,,,,,,,,
,,,,239.0,,,,,,,,
,,,,239.0,,,,,,,,
,,,,239.0,,,,,,,,
,,,,239.0,,,,,,,,
,,,,238.0,,,,,,,,
,,,,237.0,,,,,,,,
,,,,236.0,,,,,,,,
,,,,235.0,,,,,,,,
,,,,234.0,,,,,,,,
,,,,233.0,,,,,,,,
,,,,231.66666666666666,,,,,,,,
,,,,230.33333333333334,,,,,,,,
,,,,229.0,,,,,,,,
,,,,227.0,,,,,,,,
,,,,225.0,,,,,,,,
,,,,224.0,,,,,,,,
,,,,223.0,,,,,,,,
,,,,222.0,,,,,,,,
,,,,222.0,,,,,,,,
,,,,222.0,,,,,,,,
,,,,221.66666666666666,,,,,,,,
,,,,221.33333333333334,,,,,,,,
,,,,221.0,,,,,,,,
,,,,220.5,,,,,,,,
,,,,220.0,,,,,,,,
,,,,219.5,,,,,,,,
,,,,219.0,,,,,,,,
,,,,218.66666666666669,,,,,,,,
,,,,218.33333333333331,,,,,,,,
,,,,218.0,,,,,,,,
,,,,218.0,,,,,,,,
,,,,218.0,,,,,,,,
,,,,218.0,,,,,,,,
,,,,218.0,,,,,,,,
,,,,218.0,,,,,,,,
,,,,217.66666666666669,,,,,,,,
,,,,217.33333333333331,,,,,,,,
,,,,217.0,,,,,,,,
,,,,217.33333333333331,,,,,,,,
,,,,217.66666666666669,,,,,,,,
,,,,218.0,,,,,,,,
,,,,218.33333333333331,,,,,,,,
,,,,218.66666666666669,,,,,,,,
,,,,219.0,,,,,,,,
,,,,219.0,,,,,,,,
,,,,219.0,,,,,,,,
,,,,219.0,,,,,,,,
,,,,219.0,,,,,,,,
,,,,219.66666666666666,,,,,,,,
,,,,220.33333333333334,,,,,,,,
,,,,221.0,,,,,,,,
,,,,221.0,,,,,,,,
,,,,221.0,,,,,,,,
,,,,221.0,,,,,,,,
,,,,221.0,,,,,,,,
,,,,220.33333333333334,,,,,,,,
,,,,219.66666666666666,,,,,,,,
,,,,219.0,,,,,,,,
,,,,218.33333333333331,,,,,,,,
,,,,217.66666666666669,,,,,,,,
,,,,217.0,,,,,,,,
,,,,217.5,,,,,,,,
,,,,218.0,,,,,,,,
,,,,218.5,,,,,,,,
,,,,219.0,,,,,,,,
,,,,219.33333333333334,,,,,,,,
,,,,219.66666666666666,,,,,,,,
,,,,220.0,,,,,,,,
,,,,220.33333333333334,,,,,,,,
,,,,220.66666666666666,,,,,,,,
,,,,221.0,,,,,,,,
,,,,221.0,,,,,,,,
,,,,221.0,,,,,,,,
,,,,221.0,,,,,,,,
,,,,220.66666666666666,,,,,,,,
,,,,220.33333333333334,,,,,,,,
,,,,220.0,,,,,,,,
,,,,220.0,,,,,,,,
,,,,220.0,,,,,,,,
,,,,220.0,,,,,,,,
,,,,219.66666666666666,,,,,,,,
,,,,219.33333333333334,,,,,,,,
,,,,219.0,,,,,,,,
,,,,219.0,,,,,,,,
,,,,219.0,,,,,,,,
,,,,219.0,,,,,,,,
,,,,219.0,,,,,,,,
,,,,219.0,,,,,,,,
,,,,219.0,,,,,,,,
,,,,219.33333333333334,,,,,,,,
,,,,219.66666666666666,,,,,,,,
,,,,220.0,,,,,,,,
,,,,220.0,,,,,,,,
,,,,220.0,,,,,,,,
,,,,219.66666666666666,,,,,,,,
,,,,219.33333333333334,,,,,,,,
,,,,219.0,,,,,,,,
,,,,219.0,,,,,,,,
,,,,219.0,,,,,,,,
,,,,219.0,,,,,,,,
,,,,219.33333333333334,,,,,,,,
,,,,219.66666666666666,,,,,,,,
,,,,220.0,,,,,,,,
,,,,220.5,,,,,,,,
,,,,221.0,,,,,,,,
,,,,221.5,,,,,,,,
,,,,222.0,,,,,,,,
,,,,222.66666666666666,,,,,,,,
,,,,223.33333333333334,,,,,,,,
,,,,224.0,,,,,,,,
,,,,224.66666666666666,,,,,,,,
,,,,225.33333333333334,,,,,,,,
,,,,226.0,,,,,,,,
,,,,227.0,,,,,,,,
,,,,228.33333333333334,,,,,,,,
,,,,229.66666666666666,,,,,,,,
,,,,231.0,,,,,,,,
,,,,232.0,,,,,,,,
,,,,232.0,,,,,,,,
,,,,232.0,,,,,,,,
,,,,232.0,,,,,,,,
,,,,231.5,,,,,,,,
,,,,231.0,,,,,,,,
,,,,230.33333333333334,,,,,,,,
,,,,229.66666666666666,,,,,,,,
,,,,229.0,,,,,,,,
,,,,227.5,,,,,,,,
,,,,226.0,,,,,,,,
,,,,224.5,,,,,,,,
,,,,223.0,,,,,,,,
,,,,221.33333333333334,,,,,,,,
,,,,219.66666666666666,,,,,,,,
,,,,218.0,,,,,,,,
,,,,217.0,,,,,,,,
,,,,216.0,,,,,,,,
,,,,215.0,,,,,,,,
,,,,215.0,,,,,,,,
,,,,215.0,,,,,,,,
,,,,215.33333333333331,,,,,,,,
,,,,215.66666666666669,,,,,,,,
,,,,216.0,,,,,,,,
,,,,215.66666666666669,,,,,,,,
,,,,215.33333333333331,,,,,,,,
,,,,215.0,,,,,,,,
,,,,214.0,,,,,,,,
,,,,213.0,,,,,,,,
,,,,212.0,,,,,,,,
,,,,211.0,,,,,,,,
,,,,211.0,,,,,,,,
,,,,211.0,,,,,,,,
,,,,211.0,,,,,,,,
,,,,219.0,,,,,,,,
,,,,227.0,,,,,,,,
,,,,235.0,,,,,,,,
,,,,249.5,,,,,,,,
,,,,264.0,,,,,,,,
,,,,261.66666666666663,,,,,,,,
,,,,259.33333333333337,,,,,,,,
,,,,257.0,,,,,,,,
,,,,240.66666666666666,,,,,,,,
,,,,224.33333333333334,,,,,,,,
,,,,208.0,,,,,,,,
,,,,207.0,,,,,,,,
,,,,206.0,,,,,,,,
,,,,205.0,,,,,,,,
,,,,209.5,,,,,,,,
,,,,214.0,,,,,,,,
,,,,214.33333333333331,,,,,,,,
,,,,214.66666666666669,,,,,,,,
,,,,215.0,,,,,,,,
,,,,214.33333333333331,,,,,,,,
,,,,213.66666666666669,,,,,,,,
,,,,213.0,,,,,,,,
,,,,213.5,,,,,,,,
,,,,214.0,,,,,,,,
,,,,214.5,,,,,,,,
,,,,215.0,,,,,,,,
,,,,214.66666666666669,,,,,,,,
,,,,214.33333333333331,,,,,,,,
,,,,214.0,,,,,,,,
,,,,213.66666666666669,,,,,,,,
,,,,213.33333333333331,,,,,,,,
,,,,213.0,,,,,,,,
,,,,213.33333333333331,,,,,,,,
,,,,213.66666666666669,,,,,,,,
,,,,214.0,,,,,,,,
,,,,214.33333333333331,,,,,,,,
,,,,214.66666666666669,,,,,,,,
,,,,215.0,,,,,,,,
,,,,215.0,,,,,,,,
,,,,215.0,,,,,,,,
,,,,215.0,,,,,,,,
,,,,215.0,,,,,,,,
,,,,215.0,,,,,,,,
,,,,215.0,,,,,,,,
,,,,215.33333333333331,,,,,,,,
,,,,215.66666666666669,,,,,,,,
,,,,216.0,,,,,,,,
,,,,216.33333333333331,,,,,,,,
,,,,216.66666666666669,,,,,,,,
,,,,217.0,,,,,,,,
,,,,217.66666666666669,,,,,,,,
,,,,218.33333333333331,,,,,,,,
,,,,219.0,,,,,,,,
,,,,220.0,,,,,,,,
,,,,220.33333333333334,,,,,,,,
,,,,220.66666666666666,,,,,,,,
,,,,221.0,,,,,,,,
,,,,221.33333333333334,,,,,,,,
,,,,221.66666666666666,,,,,,,,
,,,,222.0,,,,,,,,
,,,,223.33333333333334,,,,,,,,
,,,,224.66666666666666,,,,,,,,
,,,,226.0,,,,,,,,
,,,,226.66666666666666,,,,,,,,
,,,,227.33333333333334,,,,,,,,
,,,,228.0,,,,,,,,
,,,,229.33333333333334,,,,,,,,
,,,,230.66666666666666,,,,,,,,
,,,,232.0,,,,,,,,
,,,,233.0,,,,,,,,
,,,,234.0,,,,,,,,
,,,,235.0,,,,,,,,
,,,,235.33333333333334,,,,,,,,
,,,,235.66666666666666,,,,,,,,
,,,,236.0,,,,,,,,
,,,,236.33333333333334,,,,,,,,
,,,,236.66666666666666,,,,,,,,
,,,,237.0,,,,,,,,
,,,,237.0,,,,,,,,
,,,,237.0,,,,,,,,
,,,,237.0,,,,,,,,
,,,,236.33333333333334,,,,,,,,
,,,,235.66666666666666,,,,,,,,
,,,,235.0,,,,,,,,
,,,,234.0,,,,,,,,
,,,,233.0,,,,,,,,
,,,,232.0,,,,,,,,
,,,,231.0,,,,,,,,
,,,,230.0,,,,,,,,
,,,,228.66666666666666,,,,,,,,
,,,,227.33333333333334,,,,,,,,
,,,,226.0,,,,,,,,
,,,,225.33333333333334,,,,,,,,
,,,,224.66666666666666,,,,,,,,
,,,,224.0,,,,,,,,
,,,,223.5,,,,,,,,
,,,,223.0,,,,,,,,
,,,,222.5,,,,,,,,
,,,,222.0,,,,,,,,
,,,,221.0,,,,,,,,
,,,,220.0,,,,,,,,
,,,,219.66666666666666,,,,,,,,
,,,,219.33333333333334,,,,,,,,
,,,,219.0,,,,,,,,
,,,,219.0,,,,,,,,
,,,,219.33333333333334,,,,,,,,
,,,,219.66666666666666,,,,,,,,
,,,,220.0,,,,,,,,
,,,,220.0,,,,,,,,
,,,,220.0,,,,,,,,
,,,,220.0,,,,,,,,
,,,,220.0,,,,,,,,
,,,,220.0,,,,,,,,
,,,,220.0,,,,,,,,
,,,,220.33333333333334,,,,,,,,
,,,,220.66666666666666,,,,,,,,
,,,,221.0,,,,,,,,
,,,,221.0,,,,,,,,
,,,,221.0,,,,,,,,
,,,,221.0,,,,,,,,
,,,,221.0,,,,,,,,
,,,,220.66666666666666,,,,,,,,
,,,,220.33333333333334,,,,,,,,
,,,,220.0,,,,,,,,
,,,,220.0,,,,,,,,
,,,,220.33333333333334,,,,,,,,
,,,,220.66666666666666,,,,,,,,
,,,,221.0,,,,,,,,
,,,,221.33333333333334,,,,,,,,
,,,,221.66666666666666,,,,,,,,
,,,,222.0,,,,,,,,
,,,,222.0,,,,,,,,
,,,,222.0,,,,,,,,
,,,,222.0,,,,,,,,
,,,,222.0,,,,,,,,
,,,,222.0,,,,,,,,
,,,,221.66666666666666,,,,,,,,
,,,,221.33333333333334,,,,,,,,
,,,,221.0,,,,,,,,
,,,,221.0,,,,,,,,
,,,,221.0,,,,,,,,
,,,,221.33333333333334,,,,,,,,
,,,,221.66666666666666,,,,,,,,
,,,,222.0,,,,,,,,
,,,,221.66666666666666,,,,,,,,
,,,,221.33333333333334,,,,,,,,
,,,,221.0,,,,,,,,
,,,,221.0,,,,,,,,
,,,,221.0,,,,,,,,
,,,,221.0,,,,,,,,
,,,,221.0,,,,,,,,
,,,,221.0,,,,,,,,
,,,,221.0,,,,,,,,
,,,,221.0,,,,,,,,
,,,,221.0,,,,,,,,
,,,,220.66666666666666,,,,,,,,
,,,,220.33333333333334,,,,,,,,
,,,,220.0,,,,,,,,
,,,,220.0,,,,,,,,
,,,,220.0,,,,,,,,
,,,,220.0,,,,,,,,
,,,,220.0,,,,,,,,
,,,,220.0,,,,,,,,
,,,,220.0,,,,,,,,
,,,,220.0,,,,,,,,
,,,,220.33333333333334,,,,,,,,
,,,,220.66666666666666,,,,,,,,
,,,,221.0,,,,,,,,
,,,,220.66666666666666,,,,,,,,
,,,,220.33333333333334,,,,,,,,
,,,,220.0,,,,,,,,
,,,,220.0,,,,,,,,
,,,,220.0,,,,,,,,
,,,,220.0,,,,,,,,
,,,,220.0,,,,,,,,
,,,,220.0,,,,,,,,
,,,,220.0,,,,,,,,
,,,,220.0,,,,,,,,
,,,,220.33333333333334,,,,,,,,
,,,,220.66666666666666,,,,,,,,
,,,,221.0,,,,,,,,
,,,,222.0,,,,,,,,
,,,,223.0,,,,,,,,
,,,,224.33333333333334,,,,,,,,
,,,,225.66666666666666,,,,,,,,
,,,,227.0,,,,,,,,
,,,,227.66666666666666,,,,,,,,
,,,,228.33333333333334,,,,,,,,
,,,,229.0,,,,,,,,
,,,,230.0,,,,,,,,
,,,,231.0,,,,,,,,
,,,,232.0,,,,,,,,
,,,,232.0,,,,,,,,
,,,,232.0,,,,,,,,
,,,,232.0,,,,,,,,
,,,,231.66666666666666,,,,,,,,
,,,,231.33333333333334,,,,,,,,
,,,,231.0,,,,,,,,
,,,,230.66666666666666,,,,,,,,
,,,,230.33333333333334,,,,,,,,
,,,,230.0,,,,,,,,
,,,,228.33333333333334,,,,,,,,
,,,,226.66666666666666,,,,,,,,
,,,,225.0,,,,,,,,
,,,,223.66666666666666,,,,,,,,
,,,,222.33333333333334,,,,,,,,
,,,,221.0,,,,,,,,
,,,,220.0,,,,,,,,
,,,,219.0,,,,,,,,
,,,,218.0,,,,,,,,
,,,,217.66666666666669,,,,,,,,
,,,,217.33333333333331,,,,,,,,
,,,,217.0,,,,,,,,
,,,,216.66666666666669,,,,,,,,
,,,,216.33333333333331,,,,,,,,
,,,,216.0,,,,,,,,
,,,,216.0,,,,,,,,
,,,,215.66666666666669,,,,,,,,
,,,,215.33333333333331,,,,,,,,
,,,,215.0,,,,,,,,
,,,,214.0,,,,,,,,
,,,,213.0,,,,,,,,
,,,,211.66666666666669,,,,,,,,
,,,,210.33333333333331,,,,,,,,
,,,,209.0,,,,,,,,
,,,,211.0,,,,,,,,
,,,,213.0,,,,,,,,
,,,,215.0,,,,,,,,
,,,,226.0,,,,,,,,
,,,,237.0,,,,,,,,
,,,,248.0,,,,,,,,
,,,,263.0,,,,,,,,
,,,,264.33333333333337,,,,,,,,
,,,,265.66666666666663,,,,,,,,
,,,,267.0,,,,,,,,
,,,,249.33333333333334,,,,,,,,
,,,,231.66666666666666,,,,,,,,
,,,,214.0,,,,,,,,
,,,,210.66666666666669,,,,,,,,
,,,,207.33333333333331,,,,,,,,
,,,,204.0,,,,,,,,
,,,,207.66666666666669,,,,,,,,
,,,,211.33333333333331,,,,,,,,
,,,,215.0,,,,,,,,
,,,,215.0,,,,,,,,
,,,,215.0,,,,,,,,
,,,,215.0,,,,,,,,
,,,,214.0,,,,,,,,
,,,,213.0,,,,,,,,
,,,,213.0,,,,,,,,
,,,,213.0,,,,,,,,
,,,,213.0,,,,,,,,
,,,,213.0,,,,,,,,
,,,,213.0,,,,,,,,
,,,,213.0,,,,,,,,
,,,,212.66666666666669,,,,,,,,
,,,,212.33333333333331,,,,,,,,
,,,,212.0,,,,,,,,
,,,,212.5,,,,,,,,
,,,,213.0,,,,,,,,
,,,,213.33333333333331,,,,,,,,
,,,,213.66666666666669,,,,,,,,
,,,,214.0,,,,,,,,
,,,,214.0,,,,,,,,
,,,,214.0,,,,,,,,
,,,,214.0,,,,,,,,
,,,,214.0,,,,,,,,
,,,,213.66666666666669,,,,,,,,
,,,,213.33333333333331,,,,,,,,
,,,,213.0,,,,,,,,
,,,,213.33333333333331,,,,,,,,
,,,,213.66666666666669,,,,,,,,
,,,,214.0,,,,,,,,
,,,,215.0,,,,,,,,
,,,,216.0,,,,,,,,
,,,,217.0,,,,,,,,
,,,,217.66666666666669,,,,,,,,
,,,,218.33333333333331,,,,,,,,
,,,,219.0,,,,,,,,
,,,,219.0,,,,,,,,
,,,,219.0,,,,,,,,
,,,,219.0,,,,,,,,
,,,,219.66666666666666,,,,,,,,
,,,,220.33333333333334,,,,,,,,
,,,,221.0,,,,,,,,
,,,,221.33333333333334,,,,,,,,
,,,,221.66666666666666,,,,,,,,
,,,,222.0,,,,,,,,
,,,,223.0,,,,,,,,
,,,,224.0,,,,,,,,
,,,,225.0,,,,,,,,
,,,,226.0,,,,,,,,
,,,,227.33333333333334,,,,,,,,
,,,,228.66666666666666,,,,,,,,
,,,,230.0,,,,,,,,
,,,,231.0,,,,,,,,
,,,,232.0,,,,,,,,
,,,,233.0,,,,,,,,
,,,,233.33333333333334,,,,,,,,
,,,,233.66666666666666,,,,,,,,
,,,,234.0,,,,,,,,
,,,,234.33333333333334,,,,,,,,
,,,,234.66666666666666,,,,,,,,
,,,,235.0,,,,,,,,
,,,,236.0,,,,,,,,
,,,,236.0,,,,,,,,
,,,,236.0,,,,,,,,
,,,,236.0,,,,,,,,
,,,,235.66666666666666,,,,,,,,
,,,,235.33333333333334,,,,,,,,
,,,,235.0,,,,,,,,
,,,,233.33333333333334,,,,,,,,
,,,,231.66666666666666,,,,,,,,
,,,,230.0,,,,,,,,
,,,,228.66666666666666,,,,,,,,
,,,,227.33333333333334,,,,,,,,
,,,,226.0,,,,,,,,
,,,,225.0,,,,,,,,
,,,,224.0,,,,,,,,
,,,,223.0,,,,,,,,
,,,,222.0,,,,,,,,
,,,,221.0,,,,,,,,
,,,,221.0,,,,,,,,
,,,,220.66666666666666,,,,,,,,
,,,,220.33333333333334,,,,,,,,
,,,,220.0,,,,,,,,
,,,,219.33333333333334,,,,,,,,
,,,,218.66666666666669,,,,,,,,
,,,,218.0,,,,,,,,
,,,,217.66666666666669,,,,,,,,
,,,,217.33333333333331,,,,,,,,
,,,,217.0,,,,,,,,
,,,,217.33333333333331,,,,,,,,
,,,,217.66666666666669,,,,,,,,
,,,,218.0,,,,,,,,
,,,,218.0,,,,,,,,
,,,,218.0,,,,,,,,
,,,,218.0,,,,,,,,
,,,,218.0,,,,,,,,
,,,,218.0,,,,,,,,
,,,,218.0,,,,,,,,
,,,,218.0,,,,,,,,
,,,,218.0,,,,,,,,
,,,,218.0,,,,,,,,
,,,,218.0,,,,,,,,
,,,,218.0,,,,,,,,
,,,,218.0,,,,,,,,
,,,,218.0,,,,,,,,
,,,,218.0,,,,,,,,
,,,,218.0,,,,,,,,
,,,,218.0,,,,,,,,
,,,,218.0,,,,,,,,
,,,,218.0,,,,,,,,
,,,,218.0,,,,,,,,
,,,,218.0,,,,,,,,
,,,,218.0,,,,,,,,
,,,,218.0,,,,,,,,
,,,,217.66666666666669,,,,,,,,
,,,,217.33333333333331,,,,,,,,
,,,,217.0,,,,,,,,
,,,,217.0,,,,,,,,
,,,,217.66666666666669,,,,,,,,
,,,,218.33333333333331,,,,,,,,
,,,,219.0,,,,,,,,
,,,,218.66666666666669,,,,,,,,
,,,,218.33333333333331,,,,,,,,
,,,,218.0,,,,,,,,
,,,,217.66666666666669,,,,,,,,
,,,,217.33333333333331,,,,,,,,
,,,,217.0,,,,,,,,
,,,,217.33333333333331,,,,,,,,
,,,,217.66666666666669,,,,,,,,
,,,,218.0,,,,,,,,
,,,,218.0,,,,,,,,
,,,,218.0,,,,,,,,
,,,,218.0,,,,,,,,
,,,,218.0,,,,,,,,
,,,,218.0,,,,,,,,
,,,,217.66666666666669,,,,,,,,
,,,,217.33333333333331,,,,,,,,
,,,,217.0,,,,,,,,
,,,,216.66666666666669,,,,,,,,
,,,,216.33333333333331,,,,,,,,
,,,,216.0,,,,,,,,
,,,,216.0,,,,,,,,
,,,,216.0,,,,,,,,
,,,,216.0,,,,,,,,
,,,,216.0,,,,,,,,
,,,,216.0,,,,,,,,
,,,,216.33333333333331,,,,,,,,
,,,,216.66666666666669,,,,,,,,
,,,,217.0,,,,,,,,
,,,,217.0,,,,,,,,
,,,,217.0,,,,,,,,
,,,,217.0,,,,,,,,
,,,,217.66666666666669,,,,,,,,
,,,,218.33333333333331,,,,,,,,
,,,,219.0,,,,,,,,
,,,,219.66666666666666,,,,,,,,
,,,,220.33333333333334,,,,,,,,
,,,,221.0,,,,,,,,
,,,,221.66666666666666,,,,,,,,
,,,,222.33333333333334,,,,,,,,
,,,,223.0,,,,,,,,
,,,,223.66666666666666,,,,,,,,
,,,,224.33333333333334,,,,,,,,
,,,,225.0,,,,,,,,
,,,,225.66666666666666,,,,,,,,
,,,,226.33333333333334,,,,,,,,
,,,,227.0,,,,,,,,
,,,,227.5,,,,,,,,
,,,,228.0,,,,,,,,
,,,,228.5,,,,,,,,
,,,,229.0,,,,,,,,
,,,,229.5,,,,,,,,
,,,,230.0,,,,,,,,
,,,,230.5,,,,,,,,
,,,,231.0,,,,,,,,
,,,,230.33333333333334,,,,,,,,
,,,,229.66666666666666,,,,,,,,
,,,,229.0,,,,,,,,
,,,,227.33333333333334,,,,,,,,
,,,,225.66666666666666,,,,,,,,
,,,,224.0,,,,,,,,
,,,,222.33333333333334,,,,,,,,
,,,,220.66666666666666,,,,,,,,
,,,,219.0,,,,,,,,
,,,,218.33333333333331,,,,,,,,
,,,,217.66666666666669,,,,,,,,
,,,,217.0,,,,,,,,
,,,,216.5,,,,,,,,
,,,,216.0,,,,,,,,
,,,,215.66666666666669,,,,,,,,
,,,,215.33333333333331,,,,,,,,
,,,,215.0,,,,,,,,
,,,,214.66666666666669,,,,,,,,
,,,,214.33333333333331,,,,,,,,
,,,,214.0,,,,,,,,
,,,,214.0,,,,,,,,
,,,,213.33333333333331,,,,,,,,
,,,,212.66666666666669,,,,,,,,
,,,,212.0,,,,,,,,
,,,,210.5,,,,,,,,
,,,,209.0,,,,,,,,
,,,,209.33333333333331,,,,,,,,
,,,,209.66666666666669,,,,,,,,
,,,,210.0,,,,,,,,
,,,,217.0,,,,,,,,
,,,,224.0,,,,,,,,
,,,,231.0,,,,,,,,
,,,,243.5,,,,,,,,
,,,,256.0,,,,,,,,
,,,,254.33333333333334,,,,,,,,
,,,,252.66666666666666,,,,,,,,
,,,,251.0,,,,,,,,
,,,,237.0,,,,,,,,
,,,,223.0,,,,,,,,
,,,,209.0,,,,,,,,
,,,,208.0,,,,,,,,
,,,,207.0,,,,,,,,
,,,,206.0,,,,,,,,
,,,,211.0,,,,,,,,
,,,,212.66666666666669,,,,,,,,
,,,,214.33333333333331,,,,,,,,
,,,,216.0,,,,,,,,
,,,,215.66666666666669,,,,,,,,
,,,,215.33333333333331,,,,,,,,
,,,,215.0,,,,,,,,
,,,,214.66666666666669,,,,,,,,
,,,,214.33333333333331,,,,,,,,
,,,,214.0,,,,,,,,
,,,,214.66666666666669,,,,,,,,
,,,,215.33333333333331,,,,,,,,
,,,,216.0,,,,,,,,
,,,,216.33333333333331,,,,,,,,
,,,,216.66666666666669,,,,,,,,
,,,,217.0,,,,,,,,
,,,,216.66666666666669,,,,,,,,
,,,,216.33333333333331,,,,,,,,
,,,,216.0,,,,,,,,
,,,,215.66666666666669,,,,,,,,
,,,,215.33333333333331,,,,,,,,
,,,,215.0,,,,,,,,
,,,,215.66666666666669,,,,,,,,
,,,,216.33333333333331,,,,,,,,
,,,,217.0,,,,,,,,
,,,,217.33333333333331,,,,,,,,
,,,,217.66666666666669,,,,,,,,
,,,,218.0,,,,,,,,
,,,,217.66666666666669,,,,,,,,
,,,,217.33333333333331,,,,,,,,
,,,,217.0,,,,,,,,
,,,,217.66666666666669,,,,,,,,
,,,,218.33333333333331,,,,,,,,
,,,,219.0,,,,,,,,
,,,,219.33333333333334,,,,,,,,
,,,,219.66666666666666,,,,,,,,
,,,,220.0,,,,,,,,
,,,,220.0,,,,,,,,
,,,,220.33333333333334,,,,,,,,
,,,,220.66666666666666,,,,,,,,
,,,,221.0,,,,,,,,
,,,,221.66666666666666,,,,,,,,
,,,,222.33333333333334,,,,,,,,
,,,,223.0,,,,,,,,
,,,,223.66666666666666,,,,,,,,
,,,,224.33333333333334,,,,,,,,
,,,,225.0,,,,,,,,
,,,,226.0,,,,,,,,
,,,,227.0,,,,,,,,
,,,,228.33333333333334,,,,,,,,
,,,,229.66666666666666,,,,,,,,
,,,,231.0,,,,,,,,
,,,,232.0,,,,,,,,
,,,,233.0,,,,,,,,
,,,,234.0,,,,,,,,
,,,,234.66666666666666,,,,,,,,
,,,,235.33333333333334,,,,,,,,
,,,,236.0,,,,,,,,
,,,,236.66666666666666,,,,,,,,
,,,,237.33333333333334,,,,,,,,
,,,,238.0,,,,,,,,
,,,,238.0,,,,,,,,
,,,,238.0,,,,,,,,
,,,,238.0,,,,,,,,
,,,,237.66666666666666,,,,,,,,
,,,,237.33333333333334,,,,,,,,
,,,,237.0,,,,,,,,
,,,,237.0,,,,,,,,
,,,,237.0,,,,,,,,
,,,,236.0,,,,,,,,
,,,,235.0,,,,,,,,
,,,,234.0,,,,,,,,
,,,,232.0,,,,,,,,
,,,,230.33333333333334,,,,,,,,
,,,,228.66666666666666,,,,,,,,
,,,,227.0,,,,,,,,
,,,,225.5,,,,,,,,
,,,,224.0,,,,,,,,
,,,,223.66666666666666,,,,,,,,
,,,,223.33333333333334,,,,,,,,
,,,,223.0,,,,,,,,
,,,,222.66666666666666,,,,,,,,
,,,,222.33333333333334,,,,,,,,
,,,,222.0,,,,,,,,
,,,,221.66666666666666,,,,,,,,
,,,,221.33333333333334,,,,,,,,
,,,,221.0,,,,,,,,
,,,,220.66666666666666,,,,,,,,
,,,,220.33333333333334,,,,,,,,
,,,,220.0,,,,,,,,
,,,,220.0,,,,,,,,
,,,,220.0,,,,,,,,
,,,,220.0,,,,,,,,
,,,,220.0,,,,,,,,
,,,,220.33333333333334,,,,,,,,
,,,,220.66666666666666,,,,,,,,
,,,,221.0,,,,,,,,
,,,,221.0,,,,,,,,
,,,,221.0,,,,,,,,
,,,,220.66666666666666,,,,,,,,
,,,,220.33333333333334,,,,,,,,
,,,,220.0,,,,,,,,
,,,,219.66666666666666,,,,,,,,
,,,,219.33333333333334,,,,,,,,
,,,,219.0,,,,,,,,
,,,,219.0,,,,,,,,
,,,,219.33333333333334,,,,,,,,
,,,,219.66666666666666,,,,,,,,
,,,,220.0,,,,,,,,
,,,,220.33333333333334,,,,,,,,
,,,,220.66666666666666,,,,,,,,
,,,,221.0,,,,,,,,
,,,,221.0,,,,,,,,
,,,,221.0,,,,,,,,
,,,,221.0,,,,,,,,
,,,,221.0,,,,,,,,
,,,,221.0,,,,,,,,
,,,,221.0,,,,,,,,
,,,,221.0,,,,,,,,
,,,,221.0,,,,,,,,
,,,,221.0,,,,,,,,
,,,,221.0,,,,,,,,
,,,,221.0,,,,,,,,
,,,,221.0,,,,,,,,
,,,,221.0,,,,,,,,
,,,,221.0,,,,,,,,
,,,,221.0,,,,,,,,
,,,,221.0,,,,,,,,
,,,,221.0,,,,,,,,
,,,,220.66666666666666,,,,,,,,
,,,,220.33333333333334,,,,,,,,
,,,,220.0,,,,,,,,
,,,,220.0,,,,,,,,
,,,,220.33333333333334,,,,,,,,
,,,,220.66666666666666,,,,,,,,
,,,,221.0,,,,,,,,
,,,,221.0,,,,,,,,
,,,,221.0,,,,,,,,
,,,,221.0,,,,,,,,
,,,,221.0,,,,,,,,
,,,,220.66666666666666,,,,,,,,
,,,,220.33333333333334,,,,,,,,
,,,,220.0,,,,,,,,
,,,,219.66666666666666,,,,,,,,
,,,,219.33333333333334,,,,,,,,
,,,,219.0,,,,,,,,
,,,,218.5,,,,,,,,
,,,,218.0,,,,,,,,
,,,,218.66666666666669,,,,,,,,
,,,,219.33333333333334,,,,,,,,
,,,,220.0,,,,,,,,
,,,,220.66666666666666,,,,,,,,
,,,,221.33333333333334,,,,,,,,
,,,,222.0,,,,,,,,
,,,,223.0,,,,,,,,
,,,,223.33333333333334,,,,,,,,
,,,,223.66666666666666,,,,,,,,
,,,,224.0,,,,,,,,
,,,,225.0,,,,,,,,
,,,,226.0,,,,,,,,
,,,,227.0,,,,,,,,
,,,,228.33333333333334,,,,,,,,
,,,,229.66666666666666,,,,,,,,
,,,,231.0,,,,,,,,
,,,,231.33333333333334,,,,,,,,
,,,,231.66666666666666,,,,,,,,
,,,,232.0,,,,,,,,
,,,,232.0,,,,,,,,
,,,,231.0,,,,,,,,
,,,,230.0,,,,,,,,
,,,,229.0,,,,,,,,
,,,,227.0,,,,,,,,
,,,,225.0,,,,,,,,
,,,,223.0,,,,,,,,
,,,,221.0,,,,,,,,
,,,,219.0,,,,,,,,
,,,,218.33333333333331,,,,,,,,
,,,,217.66666666666669,,,,,,,,
,,,,217.0,,,,,,,,
,,,,217.0,,,,,,,,
,,,,217.0,,,,,,,,
,,,,216.33333333333331,,,,,,,,
,,,,215.66666666666669,,,,,,,,
,,,,215.0,,,,,,,,
,,,,214.33333333333331,,,,,,,,
,,,,213.66666666666669,,,,,,,,
,,,,213.0,,,,,,,,
,,,,213.33333333333331,,,,,,,,
,,,,213.66666666666669,,,,,,,,
,,,,214.0,,,,,,,,
,,,,213.33333333333331,,,,,,,,
,,,,212.66666666666669,,,,,,,,
,,,,212.0,,,,,,,,
,,,,209.0,,,,,,,,
,,,,208.66666666666669,,,,,,,,
,,,,208.33333333333331,,,,,,,,
,,,,208.0,,,,,,,,
,,,,212.66666666666669,,,,,,,,
,,,,217.33333333333331,,,,,,,,
,,,,222.0,,,,,,,,
,,,,235.0,,,,,,,,
,,,,248.0,,,,,,,,
,,,,261.0,,,,,,,,
,,,,257.66666666666663,,,,,,,,
,,,,254.33333333333334,,,,,,,,
,,,,251.0,,,,,,,,
,,,,236.33333333333334,,,,,,,,
,,,,221.66666666666666,,,,,,,,
,,,,207.0,,,,,,,,
,,,,205.66666666666669,,,,,,,,
,,,,204.33333333333331,,,,,,,,
,,,,203.0,,,,,,,,
,,,,207.5,,,,,,,,
,,,,212.0,,,,,,,,
,,,,213.0,,,,,,,,
,,,,214.0,,,,,,,,
,,,,215.0,,,,,,,,
,,,,214.33333333333331,,,,,,,,
,,,,213.66666666666669,,,,,,,,
,,,,213.0,,,,,,,,
,,,,213.0,,,,,,,,
,,,,213.0,,,,,,,,
,,,,213.0,,,,,,,,
,,,,214.0,,,,,,,,
,,,,214.33333333333331,,,,,,,,
,,,,214.66666666666669,,,,,,,,
,,,,215.0,,,,,,,,
,,,,214.33333333333331,,,,,,,,
,,,,213.66666666666669,,,,,,,,
,,,,213.0,,,,,,,,
,,,,213.5,,,,,,,,
,,,,214.0,,,,,,,,
,,,,214.66666666666669,,,,,,,,
,,,,215.33333333333331,,,,,,,,
,,,,216.0,,,,,,,,
,,,,216.5,,,,,,,,
,,,,217.0,,,,,,,,
,,,,217.0,,,,,,,,
,,,,217.0,,,,,,,,
,,,,217.0,,,,,,,,
,,,,217.33333333333331,,,,,,,,
,,,,217.66666666666669,,,,,,,,
,,,,218.0,,,,,,,,
,,,,218.33333333333331,,,,,,,,
,,,,218.66666666666669,,,,,,,,
,,,,219.0,,,,,,,,
,,,,219.33333333333334,,,,,,,,
,,,,219.66666666666666,,,,,,,,
,,,,220.0,,,,,,,,
,,,,220.33333333333334,,,,,,,,
,,,,220.66666666666666,,,,,,,,
,,,,221.0,,,,,,,,
,,,,221.0,,,,,,,,
,,,,221.0,,,,,,,,
,,,,222.0,,,,,,,,
,,,,223.0,,,,,,,,
,,,,224.0,,,,,,,,
,,,,225.0,,,,,,,,
,,,,225.33333333333334,,,,,,,,
,,,,225.66666666666666,,,,,,,,
,,,,226.0,,,,,,,,
,,,,226.66666666666666,,,,,,,,
,,,,227.33333333333334,,,,,,,,
,,,,228.0,,,,,,,,
,,,,229.5,,,,,,,,
,,,,231.0,,,,,,,,
,,,,232.5,,,,,,,,
,,,,234.0,,,,,,,,
,,,,234.66666666666666,,,,,,,,
,,,,235.33333333333334,,,,,,,,
,,,,236.0,,,,,,,,
,,,,236.66666666666666,,,,,,,,
,,,,237.33333333333334,,,,,,,,
,,,,238.0,,,,,,,,
,,,,238.5,,,,,,,,
,,,,239.0,,,,,,,,
,,,,238.33333333333334,,,,,,,,
,,,,237.66666666666666,,,,,,,,
,,,,237.0,,,,,,,,
,,,,236.0,,,,,,,,
,,,,235.0,,,,,,,,
,,,,234.0,,,,,,,,
,,,,232.66666666666666,,,,,,,,
,,,,231.33333333333334,,,,,,,,
,,,,230.0,,,,,,,,
,,,,228.66666666666666,,,,,,,,
,,,,227.33333333333334,,,,,,,,
,,,,226.0,,,,,,,,
,,,,225.0,,,,,,,,
,,,,224.0,,,,,,,,
,,,,223.0,,,,,,,,
,,,,222.5,,,,,,,,
,,,,222.0,,,,,,,,
,,,,221.66666666666666,,,,,,,,
,,,,221.33333333333334,,,,,,,,
,,,,221.0,,,,,,,,
,,,,220.66666666666666,,,,,,,,
,,,,220.33333333333334,,,,,,,,
,,,,220.0,,,,,,,,
,,,,219.66666666666666,,,,,,,,
,,,,219.33333333333334,,,,,,,,
,,,,219.0,,,,,,,,
,,,,219.33333333333334,,,,,,,,
,,,,219.66666666666666,,,,,,,,
,,,,220.0,,,,,,,,
,,,,219.66666666666666,,,,,,,,
,,,,219.33333333333334,,,,,,,,
,,,,219.0,,,,,,,,
,,,,218.66666666666669,,,,,,,,
,,,,218.33333333333331,,,,,,,,
,,,,218.0,,,,,,,,
,,,,218.0,,,,,,,,
,,,,218.33333333333331,,,,,,,,
,,,,218.66666666666669,,,,,,,,
,,,,219.0,,,,,,,,
,,,,219.33333333333334,,,,,,,,
,,,,219.66666666666666,,,,,,,,
,,,,220.0,,,,,,,,
,,,,220.0,,,,,,,,
,,,,220.0,,,,,,,,
,,,,220.0,,,,,,,,
,,,,219.66666666666666,,,,,,,,
,,,,219.33333333333334,,,,,,,,
,,,,219.0,,,,,,,,
,,,,219.33333333333334,,,,,,,,
,,,,219.66666666666666,,,,,,,,
,,,,220.0,,,,,,,,
,,,,220.0,,,,,,,,
,,,,220.0,,,,,,,,
,,,,220.0,,,,,,,,
,,,,220.0,,,,,,,,
,,,,220.0,,,,,,,,
,,,,220.0,,,,,,,,
,,,,220.0,,,,,,,,
,,,,220.0,,,,,,,,
,,,,220.33333333333334,,,,,,,,
,,,,220.66666666666666,,,,,,,,
,,,,221.0,,,,,,,,
,,,,221.33333333333334,,,,,,,,
,,,,221.66666666666666,,,,,,,,
,,,,222.0,,,,,,,,
,,,,221.5,,,,,,,,
,,,,221.0,,,,,,,,
,,,,220.5,,,,,,,,
,,,,220.0,,,,,,,,
,,,,219.66666666666666,,,,,,,,
,,,,219.33333333333334,,,,,,,,
,,,,219.0,,,,,,,,
,,,,218.66666666666669,,,,,,,,
,,,,218.33333333333331,,,,,,,,
,,,,218.0,,,,,,,,
,,,,218.0,,,,,,,,
,,,,218.33333333333331,,,,,,,,
,,,,218.66666666666669,,,,,,,,
,,,,219.0,,,,,,,,
,,,,218.66666666666669,,,,,,,,
,,,,218.33333333333331,,,,,,,,
,,,,218.0,,,,,,,,
,,,,218.33333333333331,,,,,,,,
,,,,218.66666666666669,,,,,,,,
,,,,219.0,,,,,,,,
,,,,219.0,,,,,,,,
,,,,219.0,,,,,,,,
,,,,219.0,,,,,,,,
,,,,219.0,,,,,,,,
,,,,219.0,,,,,,,,
,,,,219.66666666666666,,,,,,,,
,,,,220.33333333333334,,,,,,,,
,,,,221.0,,,,,,,,
,,,,222.0,,,,,,,,
,,,,223.0,,,,,,,,
,,,,224.0,,,,,,,,
,,,,225.0,,,,,,,,
,,,,226.0,,,,,,,,
,,,,226.66666666666666,,,,,,,,
,,,,227.33333333333334,,,,,,,,
,,,,228.0,,,,,,,,
,,,,229.0,,,,,,,,
,,,,230.0,,,,,,,,
,,,,231.0,,,,,,,,
,,,,232.0,,,,,,,,
,,,,231.66666666666666,,,,,,,,
,,,,231.33333333333334,,,,,,,,
,,,,231.0,,,,,,,,
,,,,230.0,,,,,,,,
,,,,229.0,,,,,,,,
,,,,228.0,,,,,,,,
,,,,227.0,,,,,,,,
,,,,225.66666666666666,,,,,,,,
,,,,224.33333333333334,,,,,,,,
,,,,223.0,,,,,,,,
,,,,221.66666666666666,,,,,,,,
,,,,220.33333333333334,,,,,,,,
,,,,219.0,,,,,,,,
,,,,217.5,,,,,,,,
,,,,216.0,,,,,,,,
,,,,215.5,,,,,,,,
,,,,215.0,,,,,,,,
,,,,214.66666666666669,,,,,,,,
,,,,214.33333333333331,,,,,,,,
,,,,214.0,,,,,,,,
,,,,213.5,,,,,,,,
,,,,213.0,,,,,,,,
,,,,213.5,,,,,,,,
,,,,214.0,,,,,,,,
,,,,214.5,,,,,,,,
,,,,215.0,,,,,,,,
,,,,214.0,,,,,,,,
,,,,213.0,,,,,,,,
,,,,212.0,,,,,,,,
,,,,209.0,,,,,,,,
,,,,210.66666666666669,,,,,,,,
,,,,212.33333333333331,,,,,,,,
,,,,214.0,,,,,,,,
,,,,225.33333333333334,,,,,,,,
,,,,236.66666666666666,,,,,,,,
,,,,248.0,,,,,,,,
,,,,262.0,,,,,,,,
,,,,262.33333333333337,,,,,,,,
,,,,262.66666666666663,,,,,,,,
,,,,263.0,,,,,,,,
,,,,246.0,,,,,,,,
,,,,229.0,,,,,,,,
,,,,212.0,,,,,,,,
,,,,209.33333333333331,,,,,,,,
,,,,206.66666666666669,,,,,,,,
,,,,204.0,,,,,,,,
,,,,208.5,,,,,,,,
,,,,213.0,,,,,,,,
,,,,214.0,,,,,,,,
,,,,215.0,,,,,,,,
,,,,216.0,,,,,,,,
,,,,215.5,,,,,,,,
,,,,215.0,,,,,,,,
,,,,214.5,,,,,,,,
,,,,214.0,,,,,,,,
,,,,213.5,,,,,,,,
,,,,213.0,,,,,,,,
,,,,213.33333333333331,,,,,,,,
,,,,213.66666666666669,,,,,,,,
,,,,214.0,,,,,,,,
,,,,214.5,,,,,,,,
,,,,215.0,,,,,,,,
,,,,215.66666666666669,,,,,,,,
,,,,216.33333333333331,,,,,,,,
,,,,217.0,,,,,,,,
,,,,216.66666666666669,,,,,,,,
,,,,216.33333333333331,,,,,,,,
,,,,216.0,,,,,,,,
,,,,215.66666666666669,,,,,,,,
,,,,215.33333333333331,,,,,,,,
,,,,215.0,,,,,,,,
,,,,215.5,,,,,,,,
,,,,216.0,,,,,,,,
,,,,216.5,,,,,,,,
,,,,217.0,,,,,,,,
,,,,217.33333333333331,,,,,,,,
,,,,217.66666666666669,,,,,,,,
,,,,218.0,,,,,,,,
,,,,218.0,,,,,,,,
,,,,217.66666666666669,,,,,,,,
,,,,217.33333333333331,,,,,,,,
,,,,217.0,,,,,,,,
,,,,217.33333333333331,,,,,,,,
,,,,217.66666666666669,,,,,,,,
,,,,218.0,,,,,,,,
,,,,218.66666666666669,,,,,,,,
,,,,219.33333333333334,,,,,,,,
,,,,220.0,,,,,,,,
,,,,220.66666666666666,,,,,,,,
,,,,221.33333333333334,,,,,,,,
,,,,222.0,,,,,,,,
,,,,222.66666666666666,,,,,,,,
,,,,223.33333333333334,,,,,,,,
,,,,224.0,,,,,,,,
,,,,225.0,,,,,,,,
,,,,226.0,,,,,,,,
,,,,227.0,,,,,,,,
,,,,228.33333333333334,,,,,,,,
,,,,229.66666666666666,,,,,,,,
,,,,231.0,,,,,,,,
,,,,232.0,,,,,,,,
,,,,233.0,,,,,,,,
,,,,234.0,,,,,,,,
,,,,235.0,,,,,,,,
,,,,236.0,,,,,,,,
,,,,237.0,,,,,,,,
,,,,237.33333333333334,,,,,,,,
,,,,237.66666666666666,,,,,,,,
,,,,238.0,,,,,,,,
,,,,238.0,,,,,,,,
,,,,238.0,,,,,,,,
,,,,238.0,,,,,,,,
,,,,237.66666666666666,,,,,,,,
,,,,237.33333333333334,,,,,,,,
,,,,237.0,,,,,,,,
,,,,236.33333333333334,,,,,,,,
,,,,235.66666666666666,,,,,,,,
,,,,235.0,,,,,,,,
,,,,233.5,,,,,,,,
,,,,232.0,,,,,,,,
,,,,230.5,,,,,,,,
,,,,229.0,,,,,,,,
,,,,227.33333333333334,,,,,,,,
,,,,225.66666666666666,,,,,,,,
,,,,224.0,,,,,,,,
,,,,223.33333333333334,,,,,,,,
,,,,222.66666666666666,,,,,,,,
,,,,222.0,,,,,,,,
,,,,221.66666666666666,,,,,,,,
,,,,221.33333333333334,,,,,,,,
,,,,221.0,,,,,,,,
,,,,220.66666666666666,,,,,,,,
,,,,220.33333333333334,,,,,,,,
,,,,220.0,,,,,,,,
,,,,219.5,,,,,,,,
,,,,219.0,,,,,,,,
,,,,218.66666666666669,,,,,,,,
,,,,218.33333333333331,,,,,,,,
,,,,218.0,,,,,,,,
,,,,218.0,,,,,,,,
,,,,218.0,,,,,,,,
,,,,218.0,,,,,,,,
,,,,218.0,,,,,,,,
,,,,218.0,,,,,,,,
,,,,218.33333333333331,,,,,,,,
,,,,218.66666666666669,,,,,,,,
,,,,219.0,,,,,,,,
,,,,219.33333333333334,,,,,,,,
,,,,219.66666666666666,,,,,,,,
,,,,220.0,,,,,,,,
,,,,219.66666666666666,,,,,,,,
,,,,219.33333333333334,,,,,,,,
,,,,219.0,,,,,,,,
,,,,219.0,,,,,,,,
,,,,219.33333333333334,,,,,,,,
,,,,219.66666666666666,,,,,,,,
,,,,220.0,,,,,,,,
,,,,219.66666666666666,,,,,,,,
,,,,219.33333333333334,,,,,,,,
,,,,219.0,,,,,,,,
,,,,218.66666666666669,,,,,,,,
,,,,218.33333333333331,,,,,,,,
,,,,218.0,,,,,,,,
,,,,218.33333333333331,,,,,,,,
,,,,218.66666666666669,,,,,,,,
,,,,219.0,,,,,,,,
,,,,219.33333333333334,,,,,,,,
,,,,219.66666666666666,,,,,,,,
,,,,220.0,,,,,,,,
,,,,220.0,,,,,,,,
,,,,220.0,,,,,,,,
,,,,220.0,,,,,,,,
,,,,220.0,,,,,,,,
,,,,220.0,,,,,,,,
,,,,219.66666666666666,,,,,,,,
,,,,219.33333333333334,,,,,,,,
,,,,219.0,,,,,,,,
,,,,219.0,,,,,,,,
,,,,219.33333333333334,,,,,,,,
,,,,219.66666666666666,,,,,,,,
,,,,220.0,,,,,,,,
,,,,219.66666666666666,,,,,,,,
,,,,219.33333333333334,,,,,,,,
,,,,219.0,,,,,,,,
,,,,219.0,,,,,,,,
,,,,219.33333333333334,,,,,,,,
,,,,219.66666666666666,,,,,,,,
,,,,220.0,,,,,,,,
,,,,220.0,,,,,,,,
,,,,220.0,,,,,,,,
,,,,220.0,,,,,,,,
,,,,220.0,,,,,,,,
,,,,220.0,,,,,,,,
,,,,219.66666666666666,,,,,,,,
,,,,219.33333333333334,,,,,,,,
,,,,219.0,,,,,,,,
,,,,219.0,,,,,,,,
,,,,219.0,,,,,,,,
,,,,219.0,,,,,,,,
,,,,219.0,,,,,,,,
,,,,219.0,,,,,,,,
,,,,219.0,,,,,,,,
,,,,220.0,,,,,,,,
,,,,221.0,,,,,,,,
,,,,222.0,,,,,,,,
,,,,222.66666666666666,,,,,,,,
,,,,223.33333333333334,,,,,,,,
,,,,224.0,,,,,,,,
,,,,224.5,,,,,,,,
,,,,225.0,,,,,,,,
,,,,226.33333333333334,,,,,,,,
,,,,227.66666666666666,,,,,,,,
,,,,229.0,,,,,,,,
,,,,230.0,,,,,,,,
,,,,230.0,,,,,,,,
,,,,230.0,,,,,,,,
,,,,230.0,,,,,,,,
,,,,229.5,,,,,,,,
,,,,229.0,,,,,,,,
,,,,,,,,,,,,
,,,,,,,,,,,,
,,,,,,,,,,,,
,,,,,,,,,,,,
,,,,,,,,,,,,
,,,,,,,,,,,,
,,,,,,,,,,,,
,,,,,,,,,,,,
,,,,,,,,,,,,
,,,,,,,,,,,,
,,,,,,,,,,,,
,,,,,,,,,,,,
,,,,,,,,,,,,
,,,,,,,,,,,,
,,,,,,,,,,,,
,,,,,,,,,,,,
,,,,,,,,,,,,
,,,,,,,,,,,,
,,,,,,,,,,,,
,,,,,,,,,,,,
,,,,,,,,,,,,
,,,,,,,,,,,,
,,,,,,,,,,,,
,,,,,,,,,,,,
,,,,,,,,,,,,
,,,,,,,,,,,,
,,,,,,,,,,,,
,,,,,,,,,,,,
,,,,,,,,,,,,
,,,,,,,,,,,,
,,,,,,,,,,,,
,,,,,,,,,,,,
,,,,,,,,,,,,
,,,,,,,,,,,,
,,,,,,,,,,,,
,,,,,,,,,,,,
,,,,,,,,,,,,
,,,,,,,,,,,,
,,,,,,,,,,,,
,,,,,,,,,,,,
,,,,,,,,,,,,
,,,,,,,,,,,,
,,,,,,,,,,,,
,,,,,,,,,,,,
,,,,,,,,,,,,
,,,,,,,,,,,,
,,,,,,,,,,,,
,,,,,,,,,,,,
,,,,,,,,,,,,
,,,,,,,,,,,,
,,,,,,,,,,,,
,,,,,,,,,,,,
,,,,,,,,,,,,
,,,,,,,,,,,,
,,,,,,,,,,,,
,,,,,,,,,,,,
,,,,,,,,,,,,
,,,,,,,,,,,,
,,,,,,,,,,,,
,,,,,,,,,,,,
,,,,,,,,,,,,
,,,,,,,,,,,,
,,,,,,,,,,,,
,,,,,,,,,,,,
,,,,,,,,,,,,
,,,,,,,,,,,,
,,,,,,,,,,,,
,,,,,,,,,,,,
,,,,,,,,,,,,
,,,,,,,,,,,,
,,,,,,,,,,,,
,,,,,,,,,,,,
,,,,,,,,,,,,
,,,,,,,,,,,,
,,,,,,,,,,,,
,,,,,,,,,,,,
,,,,,,,,,,,,
,,,,,,,,,,,,
,,,,,,,,,,,,
,,,,,,,,,,,,
,,,,,,,,,,,,
,,,,,,,,,,,,
,,,,,,,,,,,,
,,,,,,,,,,,,
,,,,,,,,,,,,
,,,,,,,,,,,,
,,,,,,,,,,,,
,,,,,,,,,,,,
,,,,,,,,,,,,
,,,,,,,,,,,,
,,,,,,,,,,,,
,,,,,,,,,,,,
,,,,,,,,,,,,
,,,,,,,,,,,,
,,,,,,,,,,,,
,,,,,,,,,,,,
,,,,,,,,,,,,
,,,,,,,,,,,,
,,,,,,,,,,,,
,,,,,,,,,,,,
,,,,,,,,,,,,
,,,,,,,,,,,,
,,,,,,,,,,,,
,,,,,,,,,,,,
,,,,,,,,,,,,
,,,,,,,,,,,,
,,,,,,,,,,,,
,,,,,,,,,,,,
,,,,,,,,,,,,
,,,,,,,,,,,,
,,,,,,,,,,,,
,,,,,,,,,,,,
,,,,,,,,,,,,
,,,,,,,,,,,,
,,,,,,,,,,,,
,,,,,,,,,,,,
,,,,,,,,,,,,
,,,,,,,,,,,,
,,,,,,,,,,,,
,,,,,,,,,,,,
,,,,,,,,,,,,
,,,,,,,,,,,,
,,,,,,,,,,,,
,,,,,,,,,,,,
,,,,,,,,,,,,
,,,,,,,,,,,,
,,,,,,,,,,,,
,,,,,,,,,,,,
,,,,,,,,,,,,
,,,,,,,,,,,,
,,,,,,,,,,,,
,,,,,,,,,,,,
,,,,,,,,,,,,
,,,,,,,,,,,,
,,,,,,,,,,,,
,,,,,,,,,,,,
,,,,,,,,,,,,
,,,,,,,,,,,,
,,,,,,,,,,,,
,,,,,,,,,,,,
,,,,,,,,,,,,
,,,,,,,,,,,,
,,,,,,,,,,,,
,,,,,,,,,,,,
,,,,,,,,,,,,
,,,,,,,,,,,,
,,,,,,,,,,,,
,,,,,,,,,,,,
,,,,,,,,,,,,
,,,,,,,,,,,,
,,,,,,,,,,,,
,,,,,,,,,,,,
,,,,,,,,,,,,
,,,,,,,,,,,,
,,,,,,,,,,,,
,,,,,,,,,,,,
,,,,,,,,,,,,
,,,,,,,,,,,,
,,,,,,,,,,,,
,,,,,,,,,,,,
,,,,,,,,,,,,
,,,,,,,,,,,,
,,,,,,,,,,,,
,,,,,,,,,,,,
,,,,,,,,,,,,
,,,,,,,,,,,,
,,,,,,,,,,,,
,,,,,,,,,,,,
,,,,,,,,,,,,
,,,,,,,,,,,,
,,,,,,,,,,,,
,,,,,,,,,,,,
,,,,,,,,,,,,
,,,,,,,,,,,,
,,,,,,,,,,,,
,,,,,,,,,,,,
,,,,,,,,,,,,
,,,,,,,,,,,,
,,,,,,,,,,,,
,,,,,,,,,,,,
,,,,,,,,,,,,
,,,,,,,,,,,,
,,,,,,,,,,,,
,,,,,,,,,,,,
,,,,,,,,,,,,
,,,,,,,,,,,,
,,,,,,,,,,,,
,,,,,,,,,,,,
,,,,,,,,,,,,
,,,,,,,,,,,,
,,,,,,,,,,,,
,,,,,,,,,,,,
,,,,,,,,,,,,
,,,,,,,,,,,,
,,,,,,,,,,,,
,,,,,,,,,,,,
,,,,,,,,,,,,
,,,,,,,,,,,,
,,,,,,,,,,,,
,,,,,,,,,,,,
,,,,,,,,,,,,
,,,,,,,,,,,,
,,,,,,,,,,,,
,,,,,,,,,,,,
,,,,,,,,,,,,
,,,,,,,,,,,,
,,,,,,,,,,,,
,,,,,,,,,,,,
,,,,,,,,,,,,
,,,,,,,,,,,,
,,,,,,,,,,,,
,,,,,,,,,,,,
,,,,,,,,,,,,
,,,,,,,,,,,,
